0.018290404230356216
0.00777101144194603
0.0014996669488027692
0.07820972800254822
0.016398748382925987
0.029521232470870018
0.007703928276896477
0.0027732867747545242
0.015335178934037685
0.00811802502721548
0.004038342274725437
0.018924226984381676
0.04714690521359444
0.015906518325209618
0.00766465999186039
0.03831569850444794
0.06266458332538605
0.03256058692932129
0.016628112643957138
0.018885552883148193
0.003474779659882188
0.004854693543165922
0.012998245656490326
0.007280715741217136
0.06212153658270836
0.007299038581550121
0.0066670700907707214
0.011213335208594799
0.02079678140580654
0.0144372982904315
0.0042499047704041
0.004868010990321636
0.008680177852511406
0.003840184770524502
0.005760495085269213
0.011714431457221508
0.03074815310537815
0.03929143399000168
0.013936064206063747
0.01329288724809885
0.013219083659350872
0.051661450415849686
0.010168477892875671
0.012621157802641392
0.0072973561473190784
0.016051476821303368
0.013361677527427673
0.011106086894869804
0.011810444295406342
0.01347610168159008
0.013683537021279335
0.053778648376464844
0.0289224311709404
0.01236847322434187
0.0124220484867692
0.011256267316639423
0.0029774578288197517
0.010201092809438705
0.012799782678484917
0.0231819748878479
0.004898602142930031
0.0020839504431933165
0.00784347765147686
0.040817856788635254
0.015010376460850239
0.007918397895991802
0.004933844320476055
0.015481902286410332
0.01773131638765335
0.006107982713729143
0.011184589006006718
0.0038935074117034674
0.0029196033719927073
0.025176063179969788
0.0057838233187794685
0.08164966851472855
0.001218653516843915
0.0075609576888382435
0.010050096549093723
0.009583561681210995
0.016792967915534973
0.0057554119266569614
0.013425867073237896
0.012691540643572807
0.008494620211422443
0.012744870036840439
0.006080567836761475
0.03978441283106804
0.016155783087015152
0.014528566040098667
0.008941038511693478
0.006015855353325605
0.003244268475100398
0.0074484399519860744
0.025966713204979897
0.007327389903366566
0.010711383074522018
0.010827871970832348
0.023251069709658623
0.021341586485505104
0.023348215967416763
0.006959632039070129
0.02006619982421398
0.009876268915832043
0.019417427480220795
0.012049300596117973
0.011800890788435936
0.020500974729657173
0.005391410551965237
0.009800164960324764
0.005356277339160442
0.005012778099626303
0.005061464849859476
0.017761237919330597
0.003096278989687562
0.010393521748483181
0.018033912405371666
0.009832005016505718
0.006148847285658121
0.012351283803582191
0.015445355325937271
0.01007272768765688
0.00836083386093378
0.0035055698826909065
0.006407651584595442
0.03596852719783783
0.05523667857050896
0.003109806450083852
0.01633540727198124
0.022861825302243233
0.007576850708574057
0.012431480921804905
0.051549237221479416
0.01591329649090767
0.01843312382698059
0.06100130081176758
0.011925579980015755
0.005965840071439743
0.005784248001873493
0.02350250631570816
0.004469319246709347
0.02726958878338337
0.006692013703286648
0.01615787483751774
0.009808909147977829
0.006159708369523287
0.006041435059159994
0.022050710394978523
0.02576751820743084
0.005440402310341597
0.00965444277971983
0.011565260589122772
0.0068605802953243256
0.02279805764555931
0.023003380745649338
0.005873214919120073
0.0018611479317769408
0.0045797014608979225
0.013573706150054932
0.008159883320331573
0.004861021414399147
0.024809954687952995
0.0029623399022966623
0.009580637328326702
0.015284642577171326
0.006834731437265873
0.05353591591119766
0.01836920529603958
0.0035338150337338448
0.0017172031803056598
0.004898820538073778
0.016938766464591026
0.008760236203670502
0.009136720560491085
0.005780029576271772
0.016116507351398468
0.009447988122701645
0.031034594401717186
0.008473080582916737
0.03675062209367752
0.011501137167215347
0.015408456325531006
0.010714935138821602
0.002818990033119917
0.007851675152778625
0.002354745753109455
0.008507782593369484
0.004126834217458963
0.004130881279706955
0.018581390380859375
0.05721978470683098
0.010516966693103313
0.005963869392871857
0.01119934394955635
0.024333320558071136
0.011446032673120499
0.008425664156675339
0.014977389015257359
0.007247896399348974
0.01521596871316433
0.008313840255141258
0.002819166984409094
0.009486246854066849
0.005249254405498505
0.005225417669862509
0.014309786260128021
0.04369693621993065
0.01595628447830677
0.019021617248654366
0.00665014423429966
0.014079166576266289
0.018324092030525208
0.014870054088532925
0.009779668413102627
0.12244588881731033
0.001939578098244965
0.005031454376876354
0.0024377217050641775
0.004445445258170366
0.06724558770656586
0.022126704454421997
0.004628547001630068
0.008087676018476486
0.01534627191722393
0.012983884662389755
0.004428912419825792
0.006438316311687231
0.01656503602862358
0.01527557335793972
0.002869759686291218
0.019847728312015533
0.012587763369083405
0.013254821300506592
0.017766114324331284
0.02557547390460968
0.009397143498063087
0.009981143288314342
0.014906005933880806
0.09691452980041504
0.011858249083161354
0.006132439244538546
0.002506040036678314
0.020805159583687782
0.004035701975226402
0.01522577553987503
0.008001199923455715
0.07270526140928268
0.0036984432954341173
0.015782533213496208
0.0034442998003214598
0.03608628362417221
0.0837925523519516
0.020228708162903786
0.03525321185588837
0.005437910556793213
0.008096953853964806
0.009735208004713058
0.0073525370098650455
0.013272426091134548
0.03398311510682106
0.0036208198871463537
0.0043092831037938595
0.02044469118118286
0.02609007991850376
0.034874118864536285
0.01141040213406086
0.008045423775911331
0.00550933089107275
0.019102729856967926
0.030226878821849823
0.0169186070561409
0.07501546293497086
0.006723536644130945
0.007051912136375904
0.007713976316154003
0.011722814291715622
0.013229304924607277
0.011966177262365818
0.018081877380609512
0.08363355696201324
0.017919769510626793
0.001856978633441031
0.04589611291885376
0.010779725387692451
0.00490024546161294
0.02181675285100937
0.014909787103533745
0.027918651700019836
0.01688823662698269
0.007789770141243935
0.010864839889109135
0.036101583391427994
0.00727410102263093
0.010811857879161835
0.011914191767573357
0.023437099531292915
0.011393009684979916
0.012718845158815384
0.011773930862545967
0.01185677945613861
0.007916812784969807
0.004930409137159586
0.021381324157118797
0.010152661241590977
0.0229103472083807
0.0079533401876688
0.017872503027319908
0.006903135217726231
0.047307029366493225
0.016271689906716347
0.022034479305148125
0.006249276455491781
0.005764619912952185
0.02106170915067196
0.02232477441430092
0.023684686049818993
0.03564620390534401
0.012088324874639511
0.04521695151925087
0.007292801048606634
0.002244859002530575
0.00921167153865099
0.017101332545280457
0.013674483634531498
0.005416449625045061
0.007677936926484108
0.00595936831086874
0.0499584935605526
0.006241282913833857
0.015069512650370598
0.018054218962788582
0.00485534593462944
0.0073301480151712894
0.006647562142461538
0.008259613066911697
0.003670438891276717
0.004277785774320364
0.03802986815571785
0.008159628137946129
0.01472578477114439
0.010746421292424202
0.03713271766901016
0.011178995482623577
0.03134843707084656
0.009333399124443531
0.0068156542256474495
0.01214561890810728
0.0473141074180603
0.0019168960861861706
0.01210893876850605
0.004778620321303606
0.04120919480919838
0.013290529139339924
0.011346710845828056
0.03149362653493881
0.009500284679234028
0.004141094163060188
0.016164077445864677
0.024364788085222244
0.01136076170951128
0.004056280944496393
0.0037011643871665
0.03567081689834595
0.0046769785694777966
0.006174941547214985
0.016610905528068542
0.003151154378429055
0.011314510367810726
0.012387208640575409
0.013175614178180695
0.0038138562813401222
0.004489454440772533
0.012976644560694695
0.0010192225454375148
0.01191498339176178
0.016933685168623924
0.007055856287479401
0.02149384655058384
0.0048437356017529964
0.006141805090010166
0.03359115496277809
0.01493135280907154
0.019893227145075798
0.011033860966563225
0.010961598716676235
0.05938893184065819
0.02268536202609539
0.005423758178949356
0.004192071501165628
0.005482577718794346
0.007864337414503098
0.003708813339471817
0.007182163652032614
0.005129280965775251
0.006973008159548044
0.011498621664941311
0.00861872173845768
0.028592344373464584
0.019017694517970085
0.007939481176435947
0.03266078606247902
0.011352024041116238
0.0074366433545947075
0.004520056303590536
0.025905005633831024
0.010467021726071835
0.008770084008574486
0.0029645152390003204
0.007046658080071211
0.0338204987347126
0.00991594884544611
0.007548405788838863
0.0037594977766275406
0.009410340338945389
0.014415230602025986
0.0164995938539505
0.06569942831993103
0.014772187918424606
0.007074649445712566
0.05918115749955177
0.007999991998076439
0.10102156549692154
0.010752854868769646
0.00918535329401493
0.005146532319486141
0.01569906622171402
0.012799300253391266
0.011016343720257282
0.009578538127243519
0.02129477448761463
0.02836741879582405
0.010754878632724285
0.018475361168384552
0.018944695591926575
0.09566423296928406
0.10329818725585938
0.0123380646109581
0.008336598053574562
0.0174734927713871
0.004727884195744991
0.0028198116924613714
0.007263530977070332
0.01591564156115055
0.009021366015076637
0.007235424593091011
0.015065975487232208
0.028044119477272034
0.0023722504265606403
0.009857905097305775
0.013815970160067081
0.00942111574113369
0.005095438566058874
0.007731396239250898
0.018115032464265823
0.012667788192629814
0.006960475817322731
0.015577628277242184
0.010472026653587818
0.01457718014717102
0.01705537922680378
0.030007457360625267
0.04339613392949104
0.02067781612277031
0.026158176362514496
0.009815802797675133
0.012816404923796654
0.0037654689513146877
0.021400265395641327
0.004058882128447294
0.010214872658252716
0.015421849675476551
0.00610701646655798
0.02312009409070015
0.011300219222903252
0.018400726839900017
0.02087804488837719
0.0306475218385458
0.01406934019178152
0.007301888894289732
0.02648223377764225
0.03705725818872452
0.005893805995583534
0.018749207258224487
0.005467026494443417
0.0358225516974926
0.02431129850447178
0.030548274517059326
0.012834196910262108
0.018920013681054115
0.003072904422879219
0.01065799966454506
0.0033931259531527758
0.007838125340640545
0.010663215070962906
0.05262192338705063
0.015081685036420822
0.014980534091591835
0.019556378945708275
0.06093509495258331
0.011546459048986435
0.013066628016531467
0.0020956036169081926
0.014525643549859524
0.009745975956320763
0.018481625244021416
0.01424507237970829
0.007418489083647728
0.005349166691303253
0.01814812608063221
0.006333013530820608
0.01169053465127945
0.006259556859731674
0.005712103098630905
0.01702043227851391
0.01975380629301071
0.013729407452046871
0.009665955789387226
0.008859765715897083
0.010493100620806217
0.025744671002030373
0.009315731935203075
0.02899455465376377
0.00106187688652426
0.0069114333018660545
0.006267858203500509
0.023075805976986885
0.013579006306827068
0.006053719203919172
0.016088534146547318
0.012310389429330826
0.029276400804519653
0.022720450535416603
0.0051844422705471516
0.018452122807502747
0.0029985695146024227
0.04335174709558487
0.020684445276856422
0.0037975013256073
0.016167830675840378
0.013037051074206829
0.009769952856004238
0.005946571473032236
0.013591987080872059
0.06475574523210526
0.004146454390138388
0.00631294958293438
0.019295625388622284
0.011619575321674347
0.00509021757170558
0.002441994845867157
0.008758307434618473
0.025411933660507202
0.008472182787954807
0.006648808252066374
0.005840342957526445
0.014302785508334637
0.06420113146305084
0.01473907195031643
0.012081772089004517
0.012665016576647758
0.0035206906031817198
0.002718929899856448
0.017802929505705833
0.032222356647253036
0.007308532018214464
0.009153827093541622
0.014322690665721893
0.014782607555389404
0.004877787083387375
0.0062288944609463215
0.004121304024010897
0.00446923915296793
0.013586380518972874
0.010991115123033524
0.049439333379268646
0.024608148261904716
0.0014051093021407723
0.004220122005790472
0.015809159725904465
0.0554693304002285
0.001950997393578291
0.005346452351659536
0.013927621766924858
0.0046835001558065414
0.0036498187109827995
0.003426946932449937
0.0014789177803322673
0.013669994659721851
0.02582475170493126
0.014382443390786648
0.0036025450099259615
0.002675863914191723
0.008129805326461792
0.00570520106703043
0.02846750058233738
0.04042728617787361
0.008384829387068748
0.004494125489145517
0.010827862657606602
0.015958860516548157
0.004331409465521574
0.016948970034718513
0.010167503729462624
0.026374660432338715
0.01419813185930252
0.011941896751523018
0.009555273689329624
0.0029236082918941975
0.016133302822709084
0.005965300370007753
0.012339848093688488
0.006475731730461121
0.01961192488670349
0.012019501067698002
0.017618676647543907
0.0021874895319342613
0.034002892673015594
0.046472132205963135
0.026763001456856728
0.008227498270571232
0.00827852450311184
0.008600832894444466
0.005985646974295378
0.014944261871278286
0.008964688517153263
0.010698930360376835
0.019435103982686996
0.01283390074968338
0.004296325147151947
0.011371713131666183
0.003048931946977973
0.004432950634509325
0.014881331473588943
0.006130213849246502
0.021086806431412697
0.015214591287076473
0.06119926646351814
0.001353311468847096
0.006632596254348755
0.013796485960483551
0.02772173099219799
0.011588013730943203
0.011300384998321533
0.011249884963035583
0.03697458282113075
0.05560232326388359
0.021885259076952934
0.00667274184525013
0.034986987709999084
0.005551022011786699
0.02061503753066063
0.018579475581645966
0.01567879319190979
0.005838291719555855
0.02335827425122261
0.008017669431865215
0.004586699418723583
0.018881630152463913
0.020603150129318237
0.008716104552149773
0.0034935520961880684
0.021245045587420464
0.017688289284706116
0.025463836267590523
0.017364628612995148
0.00777682987973094
0.02249404415488243
0.05686226487159729
0.008003497496247292
0.010250134393572807
0.016317931935191154
0.03159521892666817
0.0078077251091599464
0.012864135205745697
0.015869420021772385
0.05682925879955292
0.010786165483295918
0.053147636353969574
0.006163183134049177
0.016310187056660652
0.0343022458255291
0.005598763935267925
0.007717427331954241
0.004012512508779764
0.011990578845143318
0.007492692209780216
0.021528681740164757
0.02728305011987686
0.024354595690965652
0.0313832052052021
0.04211869835853577
0.010276854038238525
0.025144748389720917
0.009575005620718002
0.008116277866065502
0.026289312168955803
0.006035215221345425
0.00333797768689692
0.0203301589936018
0.004372882656753063
0.010323558002710342
0.1163303330540657
0.004623317159712315
0.008923490531742573
0.008138300850987434
0.015169475227594376
0.014501991681754589
0.018916629254817963
0.011207731440663338
0.016234323382377625
0.09254449605941772
0.02557678148150444
0.015768375247716904
0.021266980096697807
0.005087137222290039
0.006978821475058794
0.017296738922595978
0.005720957648009062
0.0031015274580568075
0.008319483138620853
0.01610117405653
0.011465455405414104
0.004911558702588081
0.0033378303050994873
0.008200345560908318
0.002416327828541398
0.006473810877650976
0.010838208720088005
0.029769500717520714
0.01278315857052803
0.005519728641957045
0.019386719912290573
0.013093575835227966
0.006863030139356852
0.14793647825717926
0.004502526484429836
0.00837069470435381
0.023237766698002815
0.014710508286952972
0.032276906073093414
0.02430936135351658
0.006024092901498079
0.023545939475297928
0.012169040739536285
0.042131755501031876
0.00820096954703331
0.017550108954310417
0.09689561277627945
0.004509332124143839
0.006141941994428635
0.012835796922445297
0.031052835285663605
0.012440720573067665
0.011023572646081448
0.015103906393051147
0.002961962716653943
0.0069652823731303215
0.017269421368837357
0.008698188699781895
0.008806612342596054
0.005532721523195505
0.005555164534598589
0.03434281051158905
0.017735078930854797
0.0045221359468996525
0.01091829501092434
0.010617390275001526
0.012188965454697609
0.0068984259851276875
0.0064936294220387936
0.0055855694226920605
0.017834793776273727
0.011754266917705536
0.005262661725282669
0.004524834919720888
0.012811839580535889
0.008186062797904015
0.006881857756525278
0.013302602805197239
0.016558106988668442
0.00816340371966362
0.0062887282110750675
0.009898587130010128
0.003254852956160903
0.013140611350536346
0.016313454136252403
0.012864080257713795
0.030900632962584496
0.005983133800327778
0.015502280555665493
0.004154631868004799
0.02101655676960945
0.010761592537164688
0.0041728513315320015
0.013463378883898258
0.04549805819988251
0.01486060582101345
0.005246730055660009
0.013237662613391876
0.02644919976592064
0.014585964381694794
0.00636872835457325
0.00827109720557928
0.013267786242067814
0.016038022935390472
0.01344439759850502
0.0025723837316036224
0.008782408200204372
0.003956194501370192
0.010761470533907413
0.012456243857741356
0.004824409727007151
0.002081574872136116
0.010080123320221901
0.005721496883779764
0.04801153764128685
0.00982552208006382
0.027522465214133263
0.02608405612409115
0.14615210890769958
0.024142777547240257
0.011029074899852276
0.002526923082768917
0.0047173346392810345
0.006893468555063009
0.01855771616101265
0.053848057985305786
0.011113016866147518
0.013757549226284027
0.011975741945207119
0.010050329379737377
0.003115590661764145
0.018049705773591995
0.03211820125579834
0.020923689007759094
0.008946330286562443
0.007305491250008345
0.01739751361310482
0.0075836447067558765
0.0036222327034920454
0.004998877178877592
0.0016769845969974995
0.01980987936258316
0.007004495710134506
0.09722074866294861
0.003320505144074559
0.013595815747976303
0.008260125294327736
0.02464343048632145
0.0052418094128370285
0.015137124806642532
0.022047074511647224
0.008836949244141579
0.010936888866126537
0.014456240460276604
0.005634928122162819
0.022099265828728676
0.010478673502802849
0.0006432553636841476
0.017626577988266945
0.011156721040606499
0.009209487587213516
0.00884399376809597
0.0026037797797471285
0.022934969514608383
0.005233170930296183
0.00665438175201416
0.008418994024395943
0.019787659868597984
0.015021929517388344
0.016769230365753174
0.010281418450176716
0.026396771892905235
0.009430162608623505
0.028823070228099823
0.007356425281614065
0.028981085866689682
0.03943154588341713
0.006417653523385525
0.0280692707747221
0.049431633204221725
0.02198931761085987
0.05001393333077431
0.008979753591120243
0.002377542434260249
0.013798381201922894
0.005884428508579731
0.015124356374144554
0.0073264772072434425
0.018270110711455345
0.003446799935773015
0.015639128163456917
0.02699444442987442
0.018606308847665787
0.0022066589444875717
0.04108700156211853
0.01330355554819107
0.018999550491571426
0.0027131151873618364
0.007896746508777142
0.027989143505692482
0.020461484789848328
0.009470644406974316
0.010855574160814285
0.006742220371961594
0.00915228296071291
0.030445128679275513
0.004418953321874142
0.05377509817481041
0.006886431481689215
0.007287100423127413
0.0029886914417147636
0.017467541620135307
0.010148497298359871
0.01047314703464508
0.03221297264099121
0.011102563701570034
0.010305522941052914
0.06415014714002609
0.009006216190755367
0.0054634930565953255
0.0015395692316815257
0.026481321081519127
0.008904668502509594
0.00646422803401947
0.17434094846248627
0.016818439587950706
0.010460780933499336
0.0474313348531723
0.0030075381509959698
0.007654334884136915
0.003944437950849533
0.015114415436983109
0.0026744401548057795
0.01344193797558546
0.005403357092291117
0.0034535350278019905
0.0030895203817635775
0.02428041771054268
0.006414731964468956
0.03730018064379692
0.015560856088995934
0.013585951179265976
0.005658457055687904
0.009728149510920048
0.004653632175177336
0.008791860193014145
0.004129394423216581
0.013429044745862484
0.0038394457660615444
0.010891525074839592
0.012512491084635258
0.01712740957736969
0.02516094595193863
0.014088569208979607
0.007690660189837217
0.025502366945147514
0.02027055062353611
0.006397662218660116
0.016873935237526894
0.00804087333381176
0.003920711111277342
0.011978867463767529
0.01631934754550457
0.006639102939516306
0.002319705905392766
0.014708304777741432
0.004718015436083078
0.01402589213103056
0.018216190859675407
0.00988224521279335
0.003449949435889721
0.024340152740478516
0.005607127211987972
0.01298002153635025
0.07360498607158661
0.0017937286756932735
0.02344221994280815
0.006657002028077841
0.024343999102711678
0.03177906945347786
0.01022945623844862
0.005839747376739979
0.00723953265696764
0.022451888769865036
0.0327591709792614
0.010794389992952347
0.01653822511434555
0.034866396337747574
0.009732143022119999
0.01738756336271763
0.004852614365518093
0.008123663254082203
0.015454234555363655
0.031187666580080986
0.02048100158572197
0.006258142646402121
0.014232872053980827
0.03283313289284706
0.0070633538998663425
0.01762448064982891
0.011933128349483013
0.006009739823639393
0.013824672438204288
0.01874450221657753
0.0016060178168118
0.014402925968170166
0.03644385561347008
0.010954472236335278
0.008276703767478466
0.007499787490814924
0.006932906806468964
0.045903611928224564
0.009166166186332703
0.011999727226793766
0.017128469422459602
0.01914418488740921
0.04716500639915466
0.005429803393781185
0.01648319512605667
0.00427046837285161
0.022153321653604507
0.011936934664845467
0.07622041553258896
0.009830659255385399
0.00662636011838913
0.022505460307002068
0.011909246444702148
0.06174943223595619
0.015445922501385212
0.004516236484050751
0.0066877142526209354
0.012353816069662571
0.007215752732008696
0.004984139930456877
0.016794661059975624
0.023935547098517418
0.002830204786732793
0.017467288300395012
0.0066106184385716915
0.03783540427684784
0.0192969162017107
0.022669294849038124
0.03346007317304611
0.020076746121048927
0.004285234492272139
0.0547245591878891
0.011357237584888935
0.025374524295330048
0.02503253147006035
0.037868399173021317
0.017776958644390106
0.00839150883257389
0.00319381570443511
0.008827535435557365
0.005449848249554634
0.05856220796704292
0.013440186157822609
0.007860668934881687
0.007846732623875141
0.023479582741856575
0.011203790083527565
0.005683446303009987
0.011797917075455189
0.01632484421133995
0.01572943851351738
0.004202411510050297
0.00784316286444664
0.004186633042991161
0.019820593297481537
0.008288556709885597
0.0034512875135987997
0.013565116561949253
0.014132441952824593
0.006166969425976276
0.005555480718612671
0.023941820487380028
0.005763663444668055
0.013775455765426159
0.009998281486332417
0.012928447686135769
0.003718642285093665
0.006705034524202347
0.004810877609997988
0.007444929331541061
0.027910567820072174
0.010780411772429943
0.012988235801458359
0.0018006680766120553
0.01088239997625351
0.0075224339962005615
0.00649607228115201
0.004888647235929966
0.01791231893002987
0.012244210578501225
0.009254034608602524
0.011967439204454422
0.01209481805562973
0.04088764637708664
0.004418311174958944
0.012464388273656368
0.03614157810807228
0.0005210598465055227
0.003332987427711487
0.017860788851976395
0.008884012699127197
0.014921720139682293
0.00795944593846798
0.016614900901913643
0.01515254471451044
0.036275774240493774
0.006169515661895275
0.022562891244888306
0.005171286873519421
0.012592915445566177
0.007740916684269905
0.00732045341283083
0.014142731204628944
0.012515190057456493
0.05770189315080643
0.020281009376049042
0.01764053851366043
0.011003311723470688
0.008492021821439266
0.007895472459495068
0.00391478231176734
0.005833989474922419
0.00744261872023344
0.002888305112719536
0.016802841797471046
0.013044876977801323
0.007011947687715292
0.0037552195135504007
0.0096132792532444
0.003722562687471509
0.00985842663794756
0.0035513632465153933
0.027127251029014587
0.022934408858418465
0.006339858751744032
0.007047092542052269
0.027589835226535797
0.004866763483732939
0.01314910501241684
0.005319479387253523
0.01982264779508114
0.005323719698935747
0.009267500601708889
0.013356931507587433
0.0014627171913161874
0.01155032403767109
0.006106044165790081
0.008767485618591309
0.014119021594524384
0.003557746997103095
0.019334951415657997
0.006396483164280653
0.02328255958855152
0.005115313455462456
0.027213945984840393
0.005640809424221516
0.0035323230549693108
0.029356837272644043
0.004803281743079424
0.009043850935995579
0.0570700503885746
0.003700105706229806
0.006028182804584503
0.01752302423119545
0.010137466713786125
0.02439739927649498
0.003302492666989565
0.007362751755863428
0.01102394238114357
0.018671829253435135
0.014727561734616756
0.008765952661633492
0.008215677924454212
0.029247034341096878
0.006124342326074839
0.017321307212114334
0.005112819839268923
0.005942660383880138
0.005142871756106615
0.04396597668528557
0.0051876455545425415
0.01053446251899004
0.006403287407010794
0.00974944606423378
0.028867945075035095
0.10888151079416275
0.009117284789681435
0.006380658596754074
0.04395553842186928
0.010162925347685814
0.0034038801677525043
0.020904390141367912
0.004617983475327492
0.01640574261546135
0.010011468082666397
0.001729184645228088
0.004804711323231459
0.0018908692291006446
0.008399059064686298
0.017192324623465538
0.01038670726120472
0.019288809970021248
0.004193033091723919
0.007563190534710884
0.0033064913004636765
0.012938030064105988
0.007296782452613115
0.03305695950984955
0.002971531357616186
0.004141152836382389
0.027493074536323547
0.007770603056997061
0.006048792041838169
0.01981920190155506
0.006005491595715284
0.024021409451961517
0.008145185187458992
0.018381543457508087
0.005132689140737057
0.005371798295527697
0.006149598862975836
0.006781823467463255
0.0024887043982744217
0.0426679290831089
0.014206569641828537
0.013883350417017937
0.003394845174625516
0.004399147816002369
0.01956583559513092
0.029267722740769386
0.007785750087350607
0.003600501688197255
0.009330119006335735
0.009502950124442577
0.006259322166442871
0.01860613189637661
0.0057171909138560295
0.018437599763274193
0.002479432849213481
0.012140563689172268
0.04290122166275978
0.010531536303460598
0.007497324142605066
0.012702771462500095
0.011224099434912205
0.033457860350608826
0.012366027571260929
0.041852474212646484
0.04196295514702797
0.004637325182557106
0.02850869670510292
0.00971051212400198
0.00420706532895565
0.009541681967675686
0.005501491483300924
0.013506780378520489
0.05092253163456917
0.03204412758350372
0.015087969601154327
0.005392077844589949
0.012832536362111568
0.034952446818351746
0.02076868899166584
0.022243158891797066
0.06450160592794418
0.011419394053518772
0.07357921451330185
0.015286401845514774
0.005157501436769962
0.011063522659242153
0.025442125275731087
0.02487528882920742
0.015200921334326267
0.007054944057017565
0.007865368388593197
0.008714987896382809
0.010012119077146053
0.0022560295183211565
0.008271073922514915
0.011937103234231472
0.01062929816544056
0.018248368054628372
0.005185593850910664
0.008023579604923725
0.005321452394127846
0.03204835206270218
0.010634093545377254
0.007839757017791271
0.002814868465065956
0.028105413541197777
0.02915339544415474
0.034631382673978806
0.013411037623882294
0.017321640625596046
0.012192685157060623
0.006462914403527975
0.017377318814396858
0.010342326015233994
0.023976804688572884
0.011893765069544315
0.012330674566328526
0.09569337964057922
0.012425979599356651
0.006578197702765465
0.013132909312844276
0.015979113057255745
0.013393081724643707
0.025591960176825523
0.012058760970830917
0.0035803895443677902
0.011155306361615658
0.010329975746572018
0.04837755858898163
0.02821625955402851
0.02044081501662731
0.011254686862230301
0.01652214117348194
0.03537801653146744
0.0057877046056091785
0.003529824549332261
0.0071581448428332806
0.011523841880261898
0.011096218600869179
0.012462323531508446
0.011246326379477978
0.06417738646268845
0.00794451218098402
0.004846048541367054
0.03431819751858711
0.010562162846326828
0.011725256219506264
0.010076788254082203
0.012856962159276009
0.01681710034608841
0.010801714845001698
0.005573026370257139
0.006638650316745043
0.006338384002447128
0.006678243633359671
0.0027979877777397633
0.018614649772644043
0.014387109316885471
0.030014293268322945
0.013860095292329788
0.020898928865790367
0.05540194362401962
0.026630744338035583
0.010814514942467213
0.028611650690436363
0.007622173056006432
0.003635083558037877
0.019451208412647247
0.013190737925469875
0.00364588457159698
0.007562174927443266
0.0233165230602026
0.0049680122174322605
0.019895976409316063
0.014526047743856907
0.010346001945436
0.0238844882696867
0.0037655227351933718
0.022324198856949806
0.005827560089528561
0.01038352120667696
0.005183670204132795
0.009522980079054832
0.02077675051987171
0.011359989643096924
0.017025316134095192
0.022378234192728996
0.011061441153287888
0.015418000519275665
0.0022345506586134434
0.015366126783192158
0.054311878979206085
0.0315847173333168
0.08695170283317566
0.003011855063959956
0.014092503115534782
0.013528305105865002
0.012779824435710907
0.0046689813025295734
0.006079703103750944
0.024518419057130814
0.005021197721362114
0.006384009495377541
0.018675103783607483
0.009440458379685879
0.0023606005124747753
0.0030925734899938107
0.01835281029343605
0.0022177440114319324
0.010626565665006638
0.022217875346541405
0.04620012640953064
0.005470939911901951
0.0007712637889198959
0.0032501902896910906
0.03218355402350426
0.009518262930214405
0.010593684390187263
0.0026811729185283184
0.012498471885919571
0.014730557799339294
0.03711378946900368
0.004419985692948103
0.0005544257583096623
0.00775045296177268
0.00793389044702053
0.00672521535307169
0.011699165217578411
0.006218669470399618
0.005807136185467243
0.0838770791888237
0.025241458788514137
0.0027596463914960623
0.007082669995725155
0.010125827044248581
0.05570227652788162
0.02402406558394432
0.04086501896381378
0.007789191789925098
0.053304996341466904
0.008304916322231293
0.01921355538070202
0.011760079301893711
0.01278290431946516
0.011313407681882381
0.008169915527105331
0.010236252099275589
0.02297155186533928
0.005612572189420462
0.007339317351579666
0.04116050899028778
0.009633474983274937
0.00308211799710989
0.012281977571547031
0.004702182020992041
0.009731586091220379
0.04429171606898308
0.009142883121967316
0.013532351702451706
0.005231798626482487
0.0054399846121668816
0.02850685641169548
0.06986444443464279
0.007874594070017338
0.006629562936723232
0.0042313323356211185
0.008890085853636265
0.009660080075263977
0.02268156222999096
0.009179947897791862
0.020150963217020035
0.013925251550972462
0.010797317139804363
0.008396489545702934
0.007189699448645115
0.012082722969353199
0.0119232889264822
0.005261425860226154
0.005134571809321642
0.007310597691684961
0.005062463693320751
0.0031007607467472553
0.01961858943104744
0.018524231389164925
0.01871449314057827
0.005383357405662537
0.0196624007076025
0.015116721391677856
0.010947967879474163
0.016896765679121017
0.01264799665659666
0.005808812566101551
0.0017596888355910778
0.016191603615880013
0.020656714215874672
0.04799889400601387
0.05504247546195984
0.00884469598531723
0.002908978844061494
0.015542320907115936
0.05742323026061058
0.005860216449946165
0.04085181653499603
0.026332663372159004
0.008448166772723198
0.004879961255937815
0.014616657979786396
0.005928089842200279
0.0064820884726941586
0.0042765820398926735
0.014212394133210182
0.0045960512943565845
0.01170637458562851
0.008502313867211342
0.0057204230688512325
0.046992458403110504
0.011258363723754883
0.012554522603750229
0.009422188624739647
0.015079814940690994
0.008803370408713818
0.005715770646929741
0.009080805815756321
0.010680150240659714
0.027234535664319992
0.02711513824760914
0.03423552215099335
0.060236845165491104
0.010122434236109257
0.019322361797094345
0.012919025495648384
0.010505317710340023
0.02876075729727745
0.03030196577310562
0.02176586538553238
0.008807486854493618
0.02955942414700985
0.008113737218081951
0.015117622911930084
0.009118431247770786
0.02114938199520111
0.023821281269192696
0.002503316616639495
0.015163499861955643
0.08196666836738586
0.01003805361688137
0.005327556282281876
0.050196386873722076
0.005229632835835218
0.03181212767958641
0.01063808798789978
0.018121471628546715
0.012408209964632988
0.003842494683340192
0.004552922677248716
0.024370674043893814
0.011205010116100311
0.007899951189756393
0.026874350383877754
0.003718889784067869
0.012850935570895672
0.055111248046159744
0.004652397707104683
0.0029818592593073845
0.004145585931837559
0.0040114629082381725
0.005897366441786289
0.004148573148995638
0.033291175961494446
0.01040782779455185
0.007737806998193264
0.007713539060205221
0.0034569124691188335
0.010566344484686852
0.009685787372291088
0.004300582222640514
0.008854194544255733
0.008150325156748295
0.012957757338881493
0.01608223281800747
0.016299303621053696
0.012065294198691845
0.025665000081062317
0.027110490947961807
0.004621676169335842
0.022747676819562912
0.009668051265180111
0.009693881496787071
0.014179483987390995
0.007182462606579065
0.012031903490424156
0.003577308263629675
0.008189838379621506
0.010524075478315353
0.02880527637898922
0.015981391072273254
0.004422992933541536
0.0161944217979908
0.038124583661556244
0.09073621779680252
0.005123439710587263
0.00796213373541832
0.0017826467519626021
0.010685412213206291
0.021072853356599808
0.009293810464441776
0.02141536958515644
0.005798905156552792
0.005386237986385822
0.0169632937759161
0.007921893149614334
0.00890914723277092
0.0015971382381394506
0.0028736069798469543
0.004626636393368244
0.00560436025261879
0.010829221457242966
0.004129908513277769
0.009624035097658634
0.010804914869368076
0.009931610897183418
0.01846531219780445
0.049610454589128494
0.006944604218006134
0.005983133800327778
0.03233340382575989
0.005652287043631077
0.025757495313882828
0.010170916095376015
0.0431700199842453
0.01272194180637598
0.011253380216658115
0.01354026049375534
0.019056037068367004
0.010090930387377739
0.01796245016157627
0.01049592811614275
0.0323459655046463
0.0049292840994894505
0.005665600299835205
0.0009644891833886504
0.023276444524526596
0.02164417691528797
0.018782466650009155
0.05373573303222656
0.006828548852354288
0.019673069939017296
0.006063525099307299
0.008453653194010258
0.08055856823921204
0.045264825224876404
0.011118489317595959
0.007656721398234367
0.015408809296786785
0.011249682866036892
0.006867016199976206
0.013865076005458832
0.03249545767903328
0.001520850113593042
0.006097603123635054
0.01105538196861744
0.014723334461450577
0.00949723832309246
0.0036586173810064793
0.005647009704262018
0.009371831081807613
0.017146388068795204
0.01525395642966032
0.002888779854401946
0.005082807037979364
0.009407899342477322
0.005528095178306103
0.010016941465437412
0.010825712233781815
0.017194751650094986
0.007075912784785032
0.023712772876024246
0.020924577489495277
0.004878263920545578
0.008308864198625088
0.00572355929762125
0.008331546559929848
0.012821473181247711
0.005205805879086256
0.03886275738477707
0.010409321635961533
0.021108321845531464
0.004105789586901665
0.00808528158813715
0.008582154288887978
0.010864629410207272
0.02024218998849392
0.006230376660823822
0.002412153407931328
0.0025601366069167852
0.006798352114856243
0.0024655810557305813
0.0065594748593866825
0.014352301135659218
0.029870951548218727
0.004075270611792803
0.003760581836104393
0.0073135290294885635
0.03873864561319351
0.012985259294509888
0.012813479639589787
0.005036822985857725
0.013292686082422733
0.02627270668745041
0.023543180897831917
0.04617008939385414
0.006565938238054514
0.028574718162417412
0.009800123050808907
0.010805744677782059
0.02180362120270729
0.013495375402271748
0.010350508615374565
0.004549921955913305
0.029935214668512344
0.03116426430642605
0.022713929414749146
0.01005962211638689
0.01874641329050064
0.009708251804113388
0.02793065272271633
0.0060849725268781185
0.004259201232343912
0.010047283954918385
0.011322888545691967
0.03214588761329651
0.027603304013609886
0.017107682302594185
0.011127741076052189
0.041095051914453506
0.019729487597942352
0.017828378826379776
0.029354924336075783
0.012705224566161633
0.018314333632588387
0.007715609390288591
0.01004553772509098
0.05956666171550751
0.006467054598033428
0.029271481558680534
0.0018868042388930917
0.06160967797040939
0.014591626822948456
0.050158239901065826
0.01966051198542118
0.017996374517679214
0.017894351854920387
0.006450476124882698
0.007221176289021969
0.002906265202909708
0.06952812522649765
0.039531294256448746
0.012863590382039547
0.011973953805863857
0.004553182050585747
0.001968675758689642
0.019005795940756798
0.019137844443321228
0.018248343840241432
0.005663430318236351
0.019820284098386765
0.005172555334866047
0.005289177875965834
0.0038522498216480017
0.016900328919291496
0.012262251228094101
0.005634765140712261
0.007475873921066523
0.005429976154118776
0.008501449599862099
0.017550792545080185
0.00938052125275135
0.00504449475556612
0.0017829022835940123
0.01067957654595375
0.004919848870486021
0.01264948584139347
0.009176838211715221
0.01707840897142887
0.016972336918115616
0.007285603322088718
0.0018723050598055124
0.034227266907691956
0.07988227903842926
0.0049143703654408455
0.0149119533598423
0.0030199456959962845
0.01928463950753212
0.016901716589927673
0.02857344038784504
0.004393324721604586
0.010413005948066711
0.023512857034802437
0.014139958657324314
0.008168527856469154
0.016971996054053307
0.00780813442543149
0.0028848806396126747
0.020144274458289146
0.031843069940805435
0.013995280489325523
0.006105083506554365
0.005798160098493099
0.007847334258258343
0.02482481859624386
0.008972656913101673
0.005327837076038122
0.041486553847789764
0.008725865744054317
0.007537453901022673
0.022958554327487946
0.007054740563035011
0.010406565852463245
0.01146206259727478
0.025320319458842278
0.0117931654676795
0.004239044152200222
0.008212178014218807
0.015335784293711185
0.007208140101283789
0.02779914252460003
0.007108110003173351
0.011618210934102535
0.008582559414207935
0.010834014043211937
0.010937941260635853
0.01085742749273777
0.027593692764639854
0.008126707747578621
0.008660980500280857
0.01816934533417225
0.014712098985910416
0.027511989697813988
0.019718635827302933
0.01103345025330782
0.010787664912641048
0.002671231981366873
0.039202362298965454
0.013585101813077927
0.017230814322829247
0.013990931212902069
0.008590791374444962
0.012240427546203136
0.012728291563689709
0.004527640994638205
0.003931396175175905
0.015040665864944458
0.008620057255029678
0.017404191195964813
0.0058908783830702305
0.019236207008361816
0.03281153365969658
0.008055610582232475
0.06678219884634018
0.030488453805446625
0.010194268077611923
0.029696129262447357
0.012081203050911427
0.0035915423650294542
0.004354828968644142
0.007117977365851402
0.007425148971378803
0.008314605802297592
0.020727230235934258
0.025324352085590363
0.0218501016497612
0.012227082625031471
0.013201958499848843
0.04565010219812393
0.015893669798970222
0.0037934663705527782
0.08265942335128784
0.002639625919982791
0.010662596672773361
0.017454862594604492
0.015357797965407372
0.005222277715802193
0.004368454683572054
0.02609771490097046
0.01306732278317213
0.008321722038090229
0.013505471870303154
0.0202487725764513
0.017721310257911682
0.040261585265398026
0.008218818344175816
0.05404122173786163
0.01958596147596836
0.004176102112978697
0.03857700526714325
0.008181190118193626
0.012153901159763336
0.03403537720441818
0.009256409481167793
0.001985316164791584
0.01256269495934248
0.022984394803643227
0.004823294933885336
0.02814570814371109
0.031067077070474625
0.014094311743974686
0.006743599660694599
0.03453716263175011
0.0047927601262927055
0.03420177847146988
0.012517154216766357
0.008137957192957401
0.004034650046378374
0.003944552503526211
0.0038904352113604546
0.015096205286681652
0.03825518861413002
0.0034673656336963177
0.010011911392211914
0.00436925096437335
0.004825849551707506
0.014573543332517147
0.016570497304201126
0.0029787516687065363
0.010169830173254013
0.007916191592812538
0.03396579250693321
0.0065218904055655
0.010948723182082176
0.03280685842037201
0.019518516957759857
0.015971451997756958
0.02754376083612442
0.01656370609998703
0.014062570407986641
0.039400745183229446
0.007306114304810762
0.0428665354847908
0.016714097931981087
0.01316611934453249
0.03075547330081463
0.01765793189406395
0.013180462643504143
0.006352508906275034
0.008016061037778854
0.020548254251480103
0.007596348412334919
0.008811408653855324
0.007668947800993919
0.007171803619712591
0.005813879426568747
0.00896094087511301
0.01512282807379961
0.004431671462953091
0.0009566898224875331
0.01694115623831749
0.006817616987973452
0.004370006266981363
0.04759902507066727
0.005998834501951933
0.004187677055597305
0.005147995427250862
0.04229936748743057
0.03140001744031906
0.004046420566737652
0.017251094803214073
0.003111685859039426
0.010589295998215675
0.0008295892039313912
0.008001196198165417
0.10979242622852325
0.013276554644107819
0.011191463097929955
0.010105162858963013
0.016655314713716507
0.011146399192512035
0.04693353548645973
0.007644025608897209
0.0033151614479720592
0.03693763166666031
0.007063484750688076
0.00960040744394064
0.012041310779750347
0.007977575995028019
0.020088864490389824
0.005528999958187342
0.03868989273905754
0.006364439148455858
0.0030204036738723516
0.008501168340444565
0.010340271517634392
0.02438495121896267
0.020820071920752525
0.005427939351648092
0.01857522316277027
0.014865451492369175
0.03290078043937683
0.01876126043498516
0.034006062895059586
0.010647621937096119
0.006534765474498272
0.03956684097647667
0.004836709704250097
0.020631343126296997
0.02761014550924301
0.009768878109753132
0.02192096598446369
0.02661265805363655
0.007108035963028669
0.030590100213885307
0.0135944914072752
0.011795971542596817
0.0074552251026034355
0.0046397182159125805
0.012670496478676796
0.02347594127058983
0.0071917143650352955
0.002640730934217572
0.003610471962019801
0.014269331470131874
0.0780823677778244
0.01135653629899025
0.0036223153583705425
0.030320892110466957
0.09172052890062332
0.005844729952514172
0.016614308580756187
0.009642883203923702
0.014791778288781643
0.008372440002858639
0.0071612936444580555
0.0032938558142632246
0.010628090240061283
0.04288038983941078
0.005050256382673979
0.006503622978925705
0.05050680786371231
0.004634407348930836
0.013233882375061512
0.008318145759403706
0.012437359429895878
0.011939028277993202
0.009490813128650188
0.03481707721948624
0.006558788008987904
0.008398176170885563
0.008932292461395264
0.022655310109257698
0.024941343814134598
0.02755465917289257
0.040554407984018326
0.08808582276105881
0.00380080402828753
0.02601202391088009
0.011796794831752777
0.010998275130987167
0.005485789850354195
0.01816510781645775
0.01584916189312935
0.007535250391811132
0.005269208457320929
0.00863558053970337
0.005952939391136169
0.012467494234442711
0.015649251639842987
0.014739066362380981
0.015326360240578651
0.061979491263628006
0.020653467625379562
0.009779543615877628
0.02903350442647934
0.01600407063961029
0.006613939069211483
0.012760226614773273
0.008192542009055614
0.014980140142142773
0.030515078455209732
0.015573744662106037
0.007984790951013565
0.004763659089803696
0.0013495421735569835
0.003916640765964985
0.017289575189352036
0.011552436277270317
0.01715930551290512
0.008478192612528801
0.021130507811903954
0.0039070346392691135
0.01834525540471077
0.013999320566654205
0.0071365730836987495
0.009970424696803093
0.03334013745188713
0.017164139077067375
0.03656909614801407
0.009112999774515629
0.009519428014755249
0.00926884077489376
0.017876921221613884
0.05007154494524002
0.018640881404280663
0.015033588744699955
0.011438393965363503
0.006889872718602419
0.06924020498991013
0.004330886993557215
0.026723653078079224
0.009973484091460705
0.004706062376499176
0.011144096963107586
0.008526590652763844
0.004429774358868599
0.04012628644704819
0.008890893310308456
0.060320161283016205
0.004828211385756731
0.009523442946374416
0.015524696558713913
0.01728362962603569
0.011205391958355904
0.00829390436410904
0.008269845508038998
0.004179240204393864
0.018084850162267685
0.021546218544244766
0.007489553652703762
0.013895915821194649
0.01363289076834917
0.01763872057199478
0.025498120114207268
0.007266134023666382
0.0032631258945912123
0.013678452931344509
0.020920543000102043
0.008823915384709835
0.019062455743551254
0.007255891337990761
0.005589622538536787
0.03410082682967186
0.007365487515926361
0.024626730009913445
0.0038108064327389
0.004979171324521303
0.027349596843123436
0.025667738169431686
0.015484183095395565
0.022981563583016396
0.007483544759452343
0.007021655794233084
0.01682927832007408
0.01252835150808096
0.0016581205418333411
0.0060426113195717335
0.011975470930337906
0.03539125621318817
0.01658630184829235
0.0046178302727639675
0.010902214795351028
0.0013944501988589764
0.009210732765495777
0.018030831590294838
0.03579675406217575
0.004596356302499771
0.0052788169123232365
0.013134943321347237
0.012847330421209335
0.010169231332838535
0.004597668070346117
0.003851336659863591
0.018121402710676193
0.008179162628948689
0.03786700963973999
0.009237981401383877
0.010945051908493042
0.014946854673326015
0.03517235442996025
0.014187684282660484
0.010496607050299644
0.024300286546349525
0.0054182615131139755
0.015638988465070724
0.0031616841442883015
0.005967794917523861
0.0033079199492931366
0.009325259365141392
0.033655568957328796
0.005297988187521696
0.004246221389621496
0.01573774591088295
0.01982872188091278
0.003547870321199298
0.011515973135828972
0.014575742185115814
0.013984816148877144
0.020815236493945122
0.0021602169144898653
0.010405180975794792
0.003004167228937149
0.016479717567563057
0.015436208806931973
0.010241025127470493
0.03668620437383652
0.00922534242272377
0.015416386537253857
0.012161122635006905
0.008724591694772243
0.01915890723466873
0.00837794505059719
0.02389693073928356
0.006780972238630056
0.019478047266602516
0.017427291721105576
0.005900769494473934
0.016644103452563286
0.014731132425367832
0.01801481284201145
0.026759741827845573
0.03803722932934761
0.009122141636908054
0.00685976492241025
0.006808789446949959
0.01717359386384487
0.008260956965386868
0.03393234685063362
0.0016589146107435226
0.019858278334140778
0.03209765627980232
0.0015211644349619746
0.006976644042879343
0.005120448302477598
0.01884879730641842
0.03661621734499931
0.0036221258342266083
0.00814884901046753
0.013089668937027454
0.03547399491071701
0.03502235934138298
0.06251386553049088
0.02912299893796444
0.031175479292869568
0.0056967949494719505
0.005951295141130686
0.004579340573400259
0.019854694604873657
0.011583060026168823
0.007056434638798237
0.006513010710477829
0.018365437164902687
0.015755467116832733
0.014130755327641964
0.0031600540969520807
0.005497498903423548
0.011105835437774658
0.04685213044285774
0.01846970245242119
0.029299188405275345
0.012446656823158264
0.028684543445706367
0.010257084853947163
0.03425513207912445
0.00469270721077919
0.006334469188004732
0.006366390734910965
0.006241534370929003
0.026748841628432274
0.009556190110743046
0.0029945324640721083
0.053820230066776276
0.05058709904551506
0.005810732487589121
0.044137634336948395
0.0014246079372242093
0.0219152569770813
0.00901696365326643
0.09664972871541977
0.10935574024915695
0.006067670416086912
0.006175853777676821
0.011778853833675385
0.012512550689280033
0.002905473345890641
0.022798040881752968
0.02876339852809906
0.0018913245294243097
0.017846103757619858
0.008226330392062664
0.007026492152363062
0.009026243351399899
0.03119354508817196
0.008579143323004246
0.002829623408615589
0.005201293621212244
0.004188896156847477
0.01834959350526333
0.004172355867922306
0.016550321131944656
0.004650977905839682
0.0022154124453663826
0.01693635992705822
0.016246642917394638
0.01030774600803852
0.006437221542000771
0.017778856679797173
0.010472480207681656
0.017741765826940536
0.007765773683786392
0.007347200531512499
0.0029349213000386953
0.009102078154683113
0.008601877838373184
0.09687931835651398
0.00287209777161479
0.013791064731776714
0.006063628476113081
0.021200818940997124
0.0013667379971593618
0.004260705783963203
0.028463000431656837
0.009849931113421917
0.007602832745760679
0.008999629877507687
0.01254216767847538
0.0007055457099340856
0.025085782632231712
0.026118235662579536
0.007783098611980677
0.012052564881742
0.053544409573078156
0.004774793982505798
0.0034944124054163694
0.0071986084803938866
0.010812725871801376
0.013335665687918663
0.01231078989803791
0.006116476375609636
0.010092654265463352
0.005004577338695526
0.08565064519643784
0.024533795192837715
0.01703021489083767
0.016824623569846153
0.011726327240467072
0.012002243660390377
0.051021430641412735
0.005939953960478306
0.012808684259653091
0.013692130334675312
0.016344351693987846
0.023297777399420738
0.0066900174133479595
0.009616920724511147
0.004387516062706709
0.022111009806394577
0.015909669920802116
0.015649884939193726
0.0198755394667387
0.03909916430711746
0.01928526908159256
0.03673005849123001
0.009417276829481125
0.02415357530117035
0.007342208176851273
0.06821201741695404
0.02489452064037323
0.00843012798577547
0.02846706658601761
0.02332890033721924
0.018073981627821922
0.004620669409632683
0.006316109094768763
0.03575347736477852
0.004117731470614672
0.01677495799958706
0.031765736639499664
0.010579114779829979
0.033077649772167206
0.006243809126317501
0.010203703306615353
0.02920737862586975
0.027977945283055305
0.007640398573130369
0.0025831551756709814
0.035927243530750275
0.005571478046476841
0.019468603655695915
0.013155980966985226
0.009037937968969345
0.013667392544448376
0.04623674228787422
0.005681409500539303
0.0546320341527462
0.009192820638418198
0.006888414267450571
0.002444150624796748
0.0038520940579473972
0.005020020995289087
0.008313081227242947
0.019801538437604904
0.007266378495842218
0.007665548473596573
0.01651172898709774
0.03668411448597908
0.00640433095395565
0.013536336831748486
0.011938516050577164
0.017315594479441643
0.012257550843060017
0.00534726632758975
0.017989078536629677
0.030918778851628304
0.00497771892696619
0.002247652504593134
0.02431643009185791
0.020115690305829048
0.007498715538531542
0.023232437670230865
0.008533027954399586
0.017107656225562096
0.006868446711450815
0.011053062044084072
0.009477723389863968
0.004933855962008238
0.008976283483207226
0.01659797877073288
0.01881895773112774
0.004454801324754953
0.02048531547188759
0.02691390924155712
0.0071865953505039215
0.00406265864148736
0.011934342794120312
0.0034821333829313517
0.01235466543585062
0.006602163426578045
0.022382663562893867
0.015516470186412334
0.002414812333881855
0.016845356673002243
0.033474765717983246
0.005891716107726097
0.01467460673302412
0.01820302940905094
0.008726105093955994
0.007984794676303864
0.03237447142601013
0.04583339765667915
0.017132241278886795
0.008214706555008888
0.040960948914289474
0.007195569109171629
0.007321711163967848
0.011255094781517982
0.013604349456727505
0.012495182454586029
0.01853613741695881
0.027121126651763916
0.010225778445601463
0.0060541643761098385
0.012889458797872066
0.019731616601347923
0.036754682660102844
0.019736193120479584
0.009998941794037819
0.016547791659832
0.011803611181676388
0.010524089448153973
0.02867134101688862
0.011976531706750393
0.0614391453564167
0.12310273200273514
0.008923743851482868
0.027574893087148666
0.007116713561117649
0.04133154824376106
0.01037692278623581
0.006488696672022343
0.009446506388485432
0.006501632276922464
0.016231659799814224
0.010902229696512222
0.005291295703500509
0.006350844167172909
0.0054213013499975204
0.013293568976223469
0.012377004139125347
0.004855189006775618
0.028112420812249184
0.02984965592622757
0.01751849241554737
0.07847188413143158
0.005493024364113808
0.014585592783987522
0.014239723794162273
0.007917064242064953
0.0031442553736269474
0.0070743318647146225
0.016967477276921272
0.007126315496861935
0.003129087621346116
0.015308581292629242
0.031517669558525085
0.01980176940560341
0.019832907244563103
0.010797955095767975
0.023439643904566765
0.003858230309560895
0.00238258414901793
0.0022722126450389624
0.008011823520064354
0.007374976295977831
0.004040362313389778
0.008686728775501251
0.027870934456586838
0.024325847625732422
0.0216732956469059
0.008200093172490597
0.007616714108735323
0.022278286516666412
0.009883037768304348
0.01508746575564146
0.0033573852851986885
0.052986837923526764
0.007463299203664064
0.007890009321272373
0.01600721664726734
0.008845774456858635
0.025374194607138634
0.015958409756422043
0.01172233372926712
0.01493508368730545
0.014772200956940651
0.02834712713956833
0.0052533564157783985
0.01176279503852129
0.010115346871316433
0.006697562988847494
0.014413299970328808
0.0045245494693517685
0.004226970952004194
0.011610317975282669
0.025228193029761314
0.0073472592048347
0.00538331363350153
0.0031612978782504797
0.010480972938239574
0.03961785137653351
0.00747566157951951
0.00973107572644949
0.04485549405217171
0.012689276598393917
0.008399801328778267
0.023714307695627213
0.021465376019477844
0.010156472213566303
0.004157033283263445
0.005794920027256012
0.05528717488050461
0.008395595476031303
0.012055533938109875
0.014704407192766666
0.009219425730407238
0.007739316672086716
0.044380076229572296
0.00371377682313323
0.015548755414783955
0.006038311403244734
0.036216944456100464
0.013528221286833286
0.006700206082314253
0.005878225900232792
0.03266850486397743
0.028717802837491035
0.029019294306635857
0.03198794275522232
0.003857108997181058
0.00389914121478796
0.007141413167119026
0.0468946136534214
0.007083461154252291
0.027119221165776253
0.017090436071157455
0.006854166742414236
0.005582423415035009
0.01436979603022337
0.020796101540327072
0.03355107083916664
0.005235197022557259
0.0037219952791929245
0.013480927795171738
0.013676144182682037
0.020057313144207
0.0067014847882092
0.013931890949606895
0.007429167628288269
0.010906046256422997
0.004182368982583284
0.004979774355888367
0.04479976370930672
0.015185119584202766
0.01567460037767887
0.019589807838201523
0.01416653860360384
0.005343228112906218
0.015571391209959984
0.006335399113595486
0.006820849608629942
0.023206882178783417
0.0030856719240546227
0.006760500371456146
0.025578351691365242
0.018257854506373405
0.007677770685404539
0.01235136017203331
0.0067019895650446415
0.003538417397066951
0.005861589219421148
0.04293149337172508
0.012046785093843937
0.009889175184071064
0.015006662346422672
0.0025488364044576883
0.005688284989446402
0.018292870372533798
0.009549476206302643
0.008247693069279194
0.0118875065818429
0.018923651427030563
0.008447383530437946
0.010357159189879894
0.0014030968304723501
0.007965306751430035
0.06891410797834396
0.013786187395453453
0.003341242205351591
0.007370352279394865
0.005539413075894117
0.01395237073302269
0.003588662715628743
0.013648307882249355
0.013560324907302856
0.00363040785305202
0.041555799543857574
0.014497602358460426
0.015951110050082207
0.00787917710840702
0.005571404471993446
0.004937783814966679
0.005688948556780815
0.008758033625781536
0.005183663219213486
0.014467025175690651
0.01815251260995865
0.05217094346880913
0.020566975697875023
0.00788906216621399
0.007190788630396128
0.03984365612268448
0.04094851016998291
0.0016330431681126356
0.010343259200453758
0.0033389341551810503
0.027272740378975868
0.020102888345718384
0.005028380546718836
0.024750102311372757
0.010690631344914436
0.021858863532543182
0.019435672089457512
0.01059671863913536
0.01112398598343134
0.053502172231674194
0.012724030762910843
0.0033028225880116224
0.006528295110911131
0.009013721719384193
0.03148704767227173
0.023130003362894058
0.008135298267006874
0.023243309929966927
0.008793007582426071
0.00573757803067565
0.002308282535523176
0.01249882485717535
0.005771960131824017
0.038244858384132385
0.0030220337212085724
0.016599388793110847
0.026210865005850792
0.012402706779539585
0.0031082534696906805
0.01928122155368328
0.02386128529906273
0.005956515669822693
0.005640287417918444
0.0048688240349292755
0.004038664512336254
0.03729446604847908
0.007362695410847664
0.007999409921467304
0.011541648767888546
0.012687329202890396
0.0193238016217947
0.010494006797671318
0.004531637765467167
0.011512864381074905
0.002994442591443658
0.030495505779981613
0.00994845386594534
0.008148101158440113
0.003415605053305626
0.018343454226851463
0.026167554780840874
0.008795090019702911
0.019262492656707764
0.0028727955650538206
0.007588297128677368
0.008185628801584244
0.003391141537576914
0.049710988998413086
0.007466454058885574
0.01703563705086708
0.00879362691193819
0.004902257584035397
0.008095850236713886
0.02249077335000038
0.01841004751622677
0.00895013939589262
0.008064527995884418
0.02548377960920334
0.020813297480344772
0.008856872096657753
0.007532262243330479
0.007312684319913387
0.015065918676555157
0.001368600525893271
0.02458125352859497
0.005125496070832014
0.016334472224116325
0.01868056319653988
0.0070199742913246155
0.034054286777973175
0.009768657386302948
0.0066029829904437065
0.012158223427832127
0.015115841291844845
0.010473617352545261
0.02476993203163147
0.004091181326657534
0.01475437730550766
0.029388051480054855
0.017279328778386116
0.009557818993926048
0.025075310841202736
0.00668943440541625
0.01710566133260727
0.01184268668293953
0.03487638384103775
0.01641228422522545
0.005929694510996342
0.03258024528622627
0.008404512889683247
0.04135826975107193
0.02407531812787056
0.013634135946631432
0.0020958450622856617
0.010343077592551708
0.0038818959146738052
0.031373031437397
0.046045996248722076
0.043581318110227585
0.024317091330885887
0.002855237340554595
0.01046043075621128
0.04335370287299156
0.021785788238048553
0.03500188887119293
0.028018491342663765
0.022175529971718788
0.011866307817399502
0.02411319687962532
0.031134171411395073
0.017622079700231552
0.0262580718845129
0.009262336418032646
0.00650704326108098
0.010700267739593983
0.008737161755561829
0.027266887947916985
0.02665194496512413
0.0015083287144079804
0.009360752999782562
0.015237554907798767
0.023069733753800392
0.0022396030835807323
0.014144724234938622
0.005161677021533251
0.03087497130036354
0.011692430824041367
0.01650279574096203
0.0145137719810009
0.026375867426395416
0.012596621178090572
0.0092131607234478
0.01503754872828722
0.008017467334866524
0.0029967098962515593
0.018969813361763954
0.042812708765268326
0.03433208912611008
0.006055271718651056
0.011671093292534351
0.003615285037085414
0.01790567673742771
0.0327163003385067
0.010786719620227814
0.0051648118533194065
0.021440517157316208
0.003212545532733202
0.019154682755470276
0.018165012821555138
0.018238641321659088
0.010457774624228477
0.00963196437805891
0.015309114940464497
0.05260109528899193
0.041222892701625824
0.01763121969997883
0.0487368106842041
0.008129224181175232
0.06792537868022919
0.014780205674469471
0.03018423356115818
0.052903104573488235
0.0317210927605629
0.0049856058321893215
0.004566870164126158
0.018427180126309395
0.03117474541068077
0.00831958930939436
0.015733713284134865
0.0038175485096871853
0.02426738664507866
0.005679566878825426
0.011278562247753143
0.02318447455763817
0.0032498969230800867
0.026618417352437973
0.0019876009318977594
0.0035421112552285194
0.0157440397888422
0.005359082482755184
0.01892567239701748
0.007425324991345406
0.006890779826790094
0.12146540731191635
0.013613739050924778
0.009016758762300014
0.01665022224187851
0.015085764229297638
0.010663325898349285
0.03489438071846962
0.004835571628063917
0.009204328060150146
0.03227265924215317
0.020015139132738113
0.01256675273180008
0.0030003010760992765
0.05877332016825676
0.01781066134572029
0.012197056785225868
0.005470018833875656
0.006785595323890448
0.004616052843630314
0.0036767148412764072
0.025528209283947945
0.007421358022838831
0.006053130608052015
0.010152693837881088
0.006443238351494074
0.006130370777100325
0.005475825164467096
0.013849742710590363
0.012234939262270927
0.004915785975754261
0.007699219975620508
0.003536046016961336
0.0036328493151813745
0.004848995245993137
0.0016581109957769513
0.005582704208791256
0.007011061999946833
0.006597102154046297
0.009813666343688965
0.01716272346675396
0.006577655207365751
0.01583491638302803
0.004061809275299311
0.00914833601564169
0.045227810740470886
0.013045085594058037
0.04359917715191841
0.007505582645535469
0.009001016616821289
0.006481151562184095
0.00959109514951706
0.009730727411806583
0.0061670453287661076
0.016547730192542076
0.021997200325131416
0.029121533036231995
0.009767882525920868
0.019316155463457108
0.02737576514482498
0.006740860641002655
0.005650309380143881
0.015174242667853832
0.004157003480941057
0.017452318221330643
0.014638419263064861
0.04313148930668831
0.009349537082016468
0.0024671191349625587
0.010817484930157661
0.007992719300091267
0.04871125891804695
0.019860561937093735
0.007134526036679745
0.020194081589579582
0.016833601519465446
0.013026269152760506
0.03414790704846382
0.016662346199154854
0.027857132256031036
0.013367122039198875
0.020495541393756866
0.04798366129398346
0.01265896949917078
0.014828262850642204
0.04971936345100403
0.0014712699921801686
0.017201922833919525
0.07360883057117462
0.02111062780022621
0.06397169828414917
0.008635494858026505
0.02675671875476837
0.017973102629184723
0.024469880387187004
0.004384846426546574
0.035014063119888306
0.016153767704963684
0.008065286092460155
0.01414557546377182
0.006145759020000696
0.014969900250434875
0.0008273085113614798
0.014698827639222145
0.017019229009747505
0.0045127240009605885
0.00271421461366117
0.00749396113678813
0.020124373957514763
0.0034101009368896484
0.055176932364702225
0.005630360916256905
0.02868605963885784
0.011499110609292984
0.011780528351664543
0.09001599997282028
0.010221889242529869
0.05414208769798279
0.01649496704339981
0.009007449261844158
0.021989809349179268
0.0029599047265946865
0.0048240614123642445
0.022498873993754387
0.013531728647649288
0.03749275952577591
0.024866625666618347
0.002976570278406143
0.0048741428181529045
0.005342696327716112
0.006172679830342531
0.009084664285182953
0.004483578260987997
0.0047032758593559265
0.021733872592449188
0.019361238926649094
0.027817213907837868
0.012566030956804752
0.015961922705173492
0.012804236263036728
0.05330760404467583
0.00394907733425498
0.012074449099600315
0.03965979814529419
0.014304446056485176
0.005593538749963045
0.031653936952352524
0.006154042202979326
0.03937497362494469
0.003080599009990692
0.018521545454859734
0.004224450793117285
0.015240517444908619
0.006318360101431608
0.029824327677488327
0.013300438411533833
0.0197371244430542
0.019158128648996353
0.004490219056606293
0.021832695230841637
0.008701552636921406
0.012001401744782925
0.009628694504499435
0.012759746052324772
0.013934584334492683
0.015664618462324142
0.014352989383041859
0.004043633118271828
0.007241702172905207
0.027512451633810997
0.03200187161564827
0.019760843366384506
0.01945311762392521
0.06283053755760193
0.01414175983518362
0.0035217227414250374
0.03858467936515808
0.009162087924778461
0.006550898309797049
0.02367456443607807
0.01882382482290268
0.08560043573379517
0.011577035300433636
0.0025934302248060703
0.03144814446568489
0.011336107738316059
0.006920803338289261
0.021031714975833893
0.033157650381326675
0.004655618220567703
0.004329908639192581
0.011471542529761791
0.024224450811743736
0.004427406936883926
0.009088863618671894
0.005595220718532801
0.010968569666147232
0.004800531081855297
0.012003622949123383
0.005864952225238085
0.007387193851172924
0.004567537922412157
0.010272756218910217
0.04870752617716789
0.005409944336861372
0.008205038495361805
0.009807038120925426
0.013574907556176186
0.0020595744717866182
0.03103679046034813
0.009047701954841614
0.004299434833228588
0.0050874268636107445
0.036339934915304184
0.014927432872354984
0.020214257761836052
0.06519323587417603
0.01906798966228962
0.028941093012690544
0.008242023177444935
0.01536506786942482
0.005443747155368328
0.008261730894446373
0.00481508718803525
0.015193143859505653
0.03942970186471939
0.008194684982299805
0.02211209200322628
0.014122187159955502
0.008677786216139793
0.005412682890892029
0.013395954854786396
0.010566065087914467
0.07920144498348236
0.008734122850000858
0.0031709037721157074
0.010642037726938725
0.018152719363570213
0.01833064667880535
0.03208698332309723
0.0031396958511322737
0.013980897143483162
0.016518691554665565
0.012236393056809902
0.017746686935424805
0.03422316536307335
0.0024905293248593807
0.0047226231545209885
0.010144311934709549
0.06114917993545532
0.020259574055671692
0.001907643862068653
0.01977868191897869
0.004627765156328678
0.008671298623085022
0.00240327138453722
0.0029550171457231045
0.005878395866602659
0.00682285288348794
0.005462853237986565
0.012457042001187801
0.005930711980909109
0.0222968440502882
0.034682679921388626
0.006928837392479181
0.024112554267048836
0.014271660707890987
0.008444815874099731
0.0019827461801469326
0.002855172147974372
0.003219583071768284
0.029848221689462662
0.05344334617257118
0.026507798582315445
0.015628427267074585
0.03863115608692169
0.006150511093437672
0.018284330144524574
0.01523762010037899
0.0037852900568395853
0.021920254454016685
0.0030065590981394053
0.006366685964167118
0.0048638200387358665
0.035645049065351486
0.02671479433774948
0.01674756221473217
0.009184147231280804
0.03729937970638275
0.03115619346499443
0.01716538518667221
0.008251945488154888
0.00612320750951767
0.008387462235987186
0.011530687101185322
0.011795277707278728
0.013361010700464249
0.012292956002056599
0.003008349100127816
0.019835403189063072
0.013234877958893776
0.01706589385867119
0.009177029132843018
0.015959061682224274
0.013087963685393333
0.005640116520226002
0.006219951435923576
0.0344674214720726
0.0118489321321249
0.009657972492277622
0.007564840838313103
0.024951636791229248
0.001591698033735156
0.008865495212376118
0.00978516973555088
0.004046149551868439
0.020546915009617805
0.01945563405752182
0.006303554866462946
0.0036833249032497406
0.008334442041814327
0.0022325823083519936
0.019976334646344185
0.03034808859229088
0.03039161115884781
0.008011111058294773
0.002420476172119379
0.02746097929775715
0.05786576122045517
0.010589472018182278
0.019749939441680908
0.005847077816724777
0.007830456830561161
0.00721652852371335
0.012713649310171604
0.005303776357322931
0.02181759476661682
0.009162412025034428
0.06618089228868484
0.00598524697124958
0.004342648200690746
0.004314395133405924
0.025241786614060402
0.006418109405785799
0.03649380803108215
0.007008493412286043
0.006435553077608347
0.014935295097529888
0.010332545265555382
0.025016605854034424
0.014116652309894562
0.005383701529353857
0.005843705032020807
0.02455766312777996
0.06780169904232025
0.03433578088879585
0.008176668547093868
0.026278777047991753
0.019732888787984848
0.012000649236142635
0.014901560731232166
0.019501416012644768
0.015767043456435204
0.009043436497449875
0.014910823665559292
0.00938577763736248
0.003565863473340869
0.010303095914423466
0.0248195081949234
0.011510682292282581
0.005231873132288456
0.020741380751132965
0.007773247547447681
0.010748270899057388
0.018072670325636864
0.016685783863067627
0.0057310485281050205
0.0013599841622635722
0.005309532396495342
0.02394881844520569
0.005086536053568125
0.025131992995738983
0.006020946893841028
0.013937919400632381
0.007774372585117817
0.004571772180497646
0.01745747961103916
0.011199232190847397
0.006806464400142431
0.007958455011248589
0.006870274897664785
0.002582870190963149
0.010926511138677597
0.020426753908395767
0.0075783138163387775
0.01229179184883833
0.004705809988081455
0.0404321514070034
0.030634885653853416
0.0026424697134643793
0.004384906496852636
0.02422023005783558
0.011205428279936314
0.004867280833423138
0.025506865233182907
0.02968110889196396
0.008827652782201767
0.010098597034811974
0.003511139890179038
0.007114130072295666
0.019812481477856636
0.013525879941880703
0.007294016424566507
0.03529331460595131
0.03766486048698425
0.004501359537243843
0.0024772142060101032
0.014764229767024517
0.0075758458115160465
0.0054461536929011345
0.019308315590023994
0.02643207088112831
0.015575149096548557
0.06729043275117874
0.012924128212034702
0.008432631380856037
0.005545339547097683
0.026646628975868225
0.006221885327249765
0.01043891254812479
0.008492764085531235
0.008661934174597263
0.02199629694223404
0.0063593629747629166
0.00871362816542387
0.0171836968511343
0.01608496531844139
0.03237372264266014
0.006139160133898258
0.016249729320406914
0.021826643496751785
0.010854898020625114
0.021351229399442673
0.008534056134521961
0.006387627683579922
0.007039462216198444
0.01575295254588127
0.008777984417974949
0.004883239045739174
0.005004330538213253
0.026461945846676826
0.017031565308570862
0.008274899795651436
0.027807099744677544
0.0030831482727080584
0.00990244373679161
0.043963052332401276
0.0035313779953867197
0.009135935455560684
0.12838104367256165
0.013596730306744576
0.01804879680275917
0.006124760024249554
0.017543302848935127
0.007503948174417019
0.023684673011302948
0.010964668355882168
0.0067230332642793655
0.007874858565628529
0.022830400615930557
0.002596368780359626
0.01167475525289774
0.014772146008908749
0.022409426048398018
0.0008295342558994889
0.02369851991534233
0.04654018580913544
0.010907887481153011
0.04722989350557327
0.014659067615866661
0.0031812223605811596
0.012943449430167675
0.01255788654088974
0.014782892540097237
0.0042818947695195675
0.00955990981310606
0.01993604004383087
0.00426850188523531
0.008913528174161911
0.002488382626324892
0.0030283029191195965
0.00641838600859046
0.01825050078332424
0.015131894499063492
0.008901983499526978
0.03900580108165741
0.01819150522351265
0.00613649794831872
0.001901849522255361
0.022281968966126442
0.004828048869967461
0.009212708100676537
0.042284753173589706
0.034440185874700546
0.00369816180318594
0.00452779745683074
0.029925063252449036
0.0079094422981143
0.002990703796967864
0.010779044590890408
0.007492655888199806
0.019945083186030388
0.0019339065765962005
0.0070409225299954414
0.008712590672075748
0.005388327874243259
0.005930192302912474
0.03247588500380516
0.06291273981332779
0.007557813543826342
0.003946878015995026
0.011808423325419426
0.00869245920330286
0.005367626901715994
0.01620015874505043
0.030946336686611176
0.032675109803676605
0.006219412200152874
0.00446103373542428
0.009119520895183086
0.028160082176327705
0.010208047926425934
0.003959826193749905
0.006024881266057491
0.0241312924772501
0.008303415961563587
0.002365998923778534
0.01279554795473814
0.019397055730223656
0.00428884569555521
0.018081167712807655
0.003910387866199017
0.007216942496597767
0.04667128622531891
0.017136987298727036
0.0037554032169282436
0.011124735698103905
0.005553558003157377
0.022065849974751472
0.006136795040220022
0.05119457468390465
0.015554320998489857
0.048369165509939194
0.02068101242184639
0.0075651491060853004
0.025729473680257797
0.007536234334111214
0.026839623227715492
0.02779848873615265
0.01097290962934494
0.0061623770743608475
0.037776168435811996
0.014393208548426628
0.011445261538028717
0.02674192748963833
0.007357340771704912
0.0031259553506970406
0.012142862193286419
0.01989647187292576
0.016536666080355644
0.027788078412413597
0.00926613062620163
0.012170451693236828
0.010876381769776344
0.0109709482640028
0.001339075737632811
0.01041822973638773
0.013557219877839088
0.008207119069993496
0.004419509321451187
0.015186609700322151
0.011670399457216263
0.014591729268431664
0.014151281677186489
0.08383913338184357
0.029964128509163857
0.004103141371160746
0.017571818083524704
0.0035209516063332558
0.001539388787932694
0.005823627579957247
0.016184024512767792
0.005767432972788811
0.05166143178939819
0.022513795644044876
0.016770003363490105
0.0025184170808643103
0.006548930425196886
0.04209913685917854
0.024055400863289833
0.008838962763547897
0.015710270032286644
0.010440351441502571
0.002882195869460702
0.05193609371781349
0.008046101778745651
0.012853240594267845
0.004398498684167862
0.015141185373067856
0.010758532211184502
0.004554323386400938
0.018466608598828316
0.003318403847515583
0.011021333746612072
0.0027834451757371426
0.010777228511869907
0.010589356534183025
0.03248762711882591
0.006133044138550758
0.05551375076174736
0.0066635506227612495
0.04020863026380539
0.0067370873875916
0.013379876501858234
0.019775131717324257
0.008758241310715675
0.008716924116015434
0.01123866718262434
0.004065982066094875
0.01493808813393116
0.008486133068799973
0.008458138443529606
0.017816802486777306
0.02043263427913189
0.04918459430336952
0.014052550308406353
0.006065456196665764
0.010234884917736053
0.057573188096284866
0.008229580707848072
0.008642049506306648
0.013731964863836765
0.008243579417467117
0.029571805149316788
0.006455160211771727
0.018998125568032265
0.04371612146496773
0.0068398118019104
0.024811074137687683
0.011591530404984951
0.016372786834836006
0.023135924711823463
0.061729684472084045
0.006228676065802574
0.0022073497530072927
0.022466422989964485
0.00460388045758009
0.04695906862616539
0.005515430122613907
0.004060700535774231
0.011189669370651245
0.011881420388817787
0.010325306095182896
0.00621304614469409
0.013216632418334484
0.013714014552533627
0.010877791792154312
0.004476507194340229
0.018731169402599335
0.009022943675518036
0.006068700458854437
0.01684834063053131
0.011063626036047935
0.006942532490938902
0.07962021976709366
0.02008463628590107
0.010768854059278965
0.009830115363001823
0.009889721870422363
0.002528134733438492
0.007403424475342035
0.006804527714848518
0.004917643032968044
0.009511832147836685
0.016917355358600616
0.012422720901668072
0.0029032875318080187
0.006467214319854975
0.0066613322123885155
0.003878486342728138
0.009209809824824333
0.006575596518814564
0.01293796207755804
0.025031613186001778
0.029832836240530014
0.02262859418988228
0.03522747755050659
0.0027671917341649532
0.009259991347789764
0.11567632108926773
0.011427718214690685
0.006420201621949673
0.04736793786287308
0.012136578559875488
0.008007553406059742
0.0062698726542294025
0.0013516993494704366
0.024270839989185333
0.014414452016353607
0.013552233576774597
0.06546978652477264
0.027630358934402466
0.0036900783888995647
0.019888093695044518
0.02374929189682007
0.003292650915682316
0.015604786574840546
0.008600162342190742
0.010408996604382992
0.01192783284932375
0.008779984898865223
0.008662986569106579
0.01436694711446762
0.019137853756546974
0.009593785740435123
0.02599961683154106
0.008965629152953625
0.008037672378122807
0.005444064270704985
0.008223184384405613
0.021896228194236755
0.010023710317909718
0.004472785629332066
0.02783476747572422
0.014848281629383564
0.0024032369256019592
0.005014315247535706
0.0039669605903327465
0.061492305248975754
0.01663183979690075
0.01882069744169712
0.0060186018235981464
0.0051594688557088375
0.03797082602977753
0.012935837730765343
0.002781185321509838
0.005331734661012888
0.008039752021431923
0.017432158812880516
0.04225848987698555
0.015149107202887535
0.04731626808643341
0.008508892729878426
0.06613270193338394
0.019779467955231667
0.003942302893847227
0.022396204993128777
0.008861955255270004
0.019859911873936653
0.009660107083618641
0.006149563938379288
0.018319185823202133
0.019605817273259163
0.011610761284828186
0.008627757430076599
0.007915514521300793
0.005239554680883884
0.027031920850276947
0.012397619895637035
0.027323737740516663
0.011074645444750786
0.005273736547678709
0.006552431266754866
0.023272963240742683
0.018355820327997208
0.014818848110735416
0.006963842082768679
0.002497982233762741
0.007019704673439264
0.02067488059401512
0.03194211795926094
0.004306098446249962
0.0019468542886897922
0.006807567086070776
0.005991537589579821
0.007138299755752087
0.004358047619462013
0.013633455149829388
0.006427761632949114
0.018974648788571358
0.011738492175936699
0.006070204544812441
0.0012051360681653023
0.022221894934773445
0.018650077283382416
0.015584907494485378
0.007284865714609623
0.01969621144235134
0.007374961860477924
0.004419733304530382
0.00750897079706192
0.00673664128407836
0.01640140265226364
0.018328648060560226
0.004183028358966112
0.01699277199804783
0.012894689105451107
0.012026960961520672
0.0075813583098351955
0.00429021380841732
0.01849614642560482
0.022537309676408768
0.0018138410523533821
0.007032219786196947
0.0034246642608195543
0.014677268452942371
0.005143166519701481
0.011218840256333351
0.012920308858156204
0.013497049920260906
0.006207816768437624
0.010422990657389164
0.04410727322101593
0.009736191481351852
0.018818911164999008
0.003089092904701829
0.00880716647952795
0.005588994827121496
0.013190973550081253
0.00853899959474802
0.018426137045025826
0.00973835214972496
0.014720733277499676
0.007645479869097471
0.0050437916070222855
0.014705955050885677
0.007433665916323662
0.008260324597358704
0.02932306006550789
0.044687770307064056
0.005108630284667015
0.0034032431431114674
0.01338114682585001
0.015192522667348385
0.007205843459814787
0.03130018338561058
0.01883019134402275
0.013909753412008286
0.0042557730339467525
0.017829807475209236
0.04133012890815735
0.021030303090810776
0.009754054248332977
0.06250709295272827
0.06229374185204506
0.012439444661140442
0.02389516867697239
0.010066861286759377
0.009188426658511162
0.0027378832455724478
0.027592618018388748
0.002658524550497532
0.0071336375549435616
0.011323502287268639
0.005818285048007965
0.011349299922585487
0.012981788255274296
0.022881407290697098
0.019063815474510193
0.004610519390553236
0.0029637939296662807
0.03141576051712036
0.0051217214204370975
0.007927603088319302
0.011949983425438404
0.01707218959927559
0.0059192003682255745
0.019322922453284264
0.04982325807213783
0.009797398000955582
0.018563902005553246
0.010554158128798008
0.03958699479699135
0.01091475784778595
0.008514035493135452
0.023414770141243935
0.018994862213730812
0.007661385927349329
0.01757933758199215
0.019352735951542854
0.008543986827135086
0.020032625645399094
0.005687937140464783
0.001655604224652052
0.003183996304869652
0.002558972919359803
0.014110056683421135
0.015077420510351658
0.006638162769377232
0.003855424001812935
0.011850685812532902
0.014470363035798073
0.01428015623241663
0.004936092533171177
0.041074205189943314
0.009767946787178516
0.006544368341565132
0.010133745148777962
0.030344020575284958
0.015716154128313065
0.013245681300759315
0.016885116696357727
0.031142665073275566
0.015508502721786499
0.01982867531478405
0.0018837623065337539
0.012741264887154102
0.014425219036638737
0.09909796714782715
0.003969050478190184
0.008614338003098965
0.003341304138302803
0.02891850657761097
0.00727381557226181
0.012751172296702862
0.01851532980799675
0.02661476656794548
0.012634807266294956
0.03775280341506004
0.007396583445370197
0.0034496579319238663
0.05436713993549347
0.0251625869423151
0.012954809702932835
0.013466393575072289
0.006645039655268192
0.003623241325840354
0.007641306146979332
0.017331285402178764
0.005297493189573288
0.0028862347826361656
0.0021081515587866306
0.022305114194750786
0.009308618493378162
0.00650642067193985
0.03875330835580826
0.08036777377128601
0.01668519526720047
0.0025666323490440845
0.0028264406137168407
0.017842929810285568
0.021831931546330452
0.0038794074207544327
0.01612687110900879
0.004825218115001917
0.012645120732486248
0.009151245467364788
0.030289238318800926
0.010385858826339245
0.006515149492770433
0.00643523596227169
0.0030144061893224716
0.006762203760445118
0.013117450289428234
0.013871362432837486
0.005017158575356007
0.010540483519434929
0.011301439255475998
0.007102808449417353
0.017199359834194183
0.00837133638560772
0.02103952132165432
0.009637847542762756
0.012024372816085815
0.014071728102862835
0.012096047401428223
0.02880272828042507
0.020862698554992676
0.01360774040222168
0.053940605372190475
0.008553230203688145
0.013768980279564857
0.020003503188490868
0.0085084093734622
0.015680890530347824
0.00533678475767374
0.0030974596738815308
0.003640055423602462
0.0018806924344971776
0.005736642517149448
0.005032266024500132
0.01631256751716137
0.023071428760886192
0.006049775518476963
0.009705332107841969
0.012520884163677692
0.026254398748278618
0.010172720067203045
0.009145704098045826
0.012764985673129559
0.016241934150457382
0.0066260527819395065
0.018799196928739548
0.012432482093572617
0.02223251573741436
0.009112387895584106
0.003332008607685566
0.0164493415504694
0.019589293748140335
0.004494121763855219
0.012825530022382736
0.015183480456471443
0.026457389816641808
0.01056243758648634
0.004934312775731087
0.01831982098519802
0.028047313913702965
0.005253234412521124
0.016901319846510887
0.00682877516373992
0.004506918601691723
0.0031088220421224833
0.01931716687977314
0.011802003718912601
0.011056153103709221
0.015776636078953743
0.033230338245630264
0.010198242962360382
0.006288519594818354
0.015390113927423954
0.0150678725913167
0.03516145423054695
0.002667201915755868
0.008021867834031582
0.007262746803462505
0.0218377523124218
0.02545364946126938
0.03153303638100624
0.005143042653799057
0.010629869997501373
0.011251593008637428
0.028848743066191673
0.008470560424029827
0.005088131409138441
0.0032805604860186577
0.0027306354604661465
0.006267003249377012
0.008314689621329308
0.042697519063949585
0.006235926412045956
0.01666697859764099
0.0038873336743563414
0.03074229136109352
0.013269959948956966
0.009654151275753975
0.016243305057287216
0.007810806389898062
0.020081354305148125
0.012242353521287441
0.007120106834918261
0.01131749339401722
0.011515555903315544
0.00490130390971899
0.0036109178327023983
0.01268454734236002
0.010856054723262787
0.02363531105220318
0.0096635976806283
0.007839801721274853
0.0739767849445343
0.012834214605391026
0.003453687531873584
0.008189493790268898
0.005402575246989727
0.015416459180414677
0.032433465123176575
0.023792048916220665
0.004732540342956781
0.007916457951068878
0.022213250398635864
0.0023376422468572855
0.004850518889725208
0.011976487003266811
0.0034859362058341503
0.012461923994123936
0.003437584498897195
0.022649262100458145
0.003820020705461502
0.025887228548526764
0.004574300721287727
0.009190875105559826
0.006434324197471142
0.013068577274680138
0.011408509686589241
0.009644417092204094
0.020552735775709152
0.00557800754904747
0.002491868333891034
0.031208205968141556
0.010932124219834805
0.00423170393332839
0.0020874219480901957
0.01662505604326725
0.014578652568161488
0.001241236343048513
0.015590275637805462
0.011607752181589603
0.01304134726524353
0.014238584786653519
0.01255433913320303
0.01581031084060669
0.006346656940877438
0.00431530037894845
0.005996318534016609
0.005372093990445137
0.04690123349428177
0.04363321140408516
0.0017741749761626124
0.014632923528552055
0.04349041357636452
0.007488360162824392
0.013862253166735172
0.009229186922311783
0.023202840238809586
0.025299355387687683
0.015728501603007317
0.011475167237222195
0.026081904768943787
0.010846912860870361
0.0040788413025438786
0.019370825961232185
0.00872829556465149
0.05206270515918732
0.010948702692985535
0.003497856203466654
0.014797061681747437
0.013225478120148182
0.004725591745227575
0.003201564308255911
0.011028503067791462
0.007306996732950211
0.006792926229536533
0.0045835161581635475
0.008429090492427349
0.004307752940803766
0.01750958152115345
0.09111661463975906
0.011610263027250767
0.02218274399638176
0.027574840933084488
0.004211242776364088
0.01719324104487896
0.013919281773269176
0.005281203426420689
0.036222610622644424
0.021972009912133217
0.00902506709098816
0.01327368151396513
0.03163592144846916
0.005150760989636183
0.00926112849265337
0.031660046428442
0.02629227004945278
0.013625686056911945
0.029669130221009254
0.0035837183240801096
0.007124153431504965
0.032572612166404724
0.03028758056461811
0.019101513549685478
0.012013676576316357
0.011059349402785301
0.005481465253978968
0.036944031715393066
0.02037832885980606
0.009999772533774376
0.007751673925668001
0.009385458193719387
0.0019326361361891031
0.023815415799617767
0.014045053161680698
0.02285132370889187
0.012460638768970966
0.007518547587096691
0.011109360493719578
0.020252062007784843
0.013555045239627361
0.019898677244782448
0.003963826689869165
0.008245516568422318
0.011248331516981125
0.015096723102033138
0.00275687244720757
0.06253582239151001
0.01044063176959753
0.012823295779526234
0.014800849370658398
0.05956526845693588
0.005789559800177813
0.01708013005554676
0.0771055668592453
0.013698641210794449
0.020691266283392906
0.017714520916342735
0.030039679259061813
0.010286092758178711
0.03146136924624443
0.13046374917030334
0.025288792327046394
0.003948323428630829
0.014216991141438484
0.017237452790141106
0.035075511783361435
0.05248481035232544
0.017985982820391655
0.01722988672554493
0.009944044053554535
0.041460588574409485
0.002461654134094715
0.014255421236157417
0.008457406423985958
0.004495435860008001
0.03987680375576019
0.026939446106553078
0.018670575693249702
0.017161155119538307
0.011997472494840622
0.011579600162804127
0.01122566033154726
0.02082190290093422
0.015072975307703018
0.012675555422902107
0.029491648077964783
0.02520349808037281
0.003463250584900379
0.028057554736733437
0.01263940054923296
0.007871178910136223
0.006705908104777336
0.010221830569207668
0.002681559417396784
0.02607310377061367
0.008904133923351765
0.012296047993004322
0.011343399994075298
0.011454521678388119
0.024315359070897102
0.016513116657733917
0.020242895931005478
0.019722118973731995
0.005532511975616217
0.021401260048151016
0.045253586024045944
0.020236138254404068
0.009168530814349651
0.002694952068850398
0.007016527932137251
0.0069727106019854546
0.009917414747178555
0.0074492753483355045
0.008813207969069481
0.004278555978089571
0.008774939924478531
0.005991068668663502
0.007419121451675892
0.012253752909600735
0.008698118850588799
0.005909929051995277
0.005836412310600281
0.0210746917873621
0.06039012596011162
0.0061567784287035465
0.02337135188281536
0.011327630840241909
0.0063657271675765514
0.01657458394765854
0.022006778046488762
0.013371783308684826
0.005243614781647921
0.004618277307599783
0.015249001793563366
0.007757482118904591
0.0157306045293808
0.006194360554218292
0.02216712012887001
0.008780233561992645
0.010073482990264893
0.009395301342010498
0.018564142286777496
0.011562061496078968
0.0068208915181458
0.008534879423677921
0.011781483888626099
0.005300345830619335
0.009793568402528763
0.008799435570836067
0.007697242312133312
0.009268652647733688
0.019504757598042488
0.009931803680956364
0.004717368166893721
0.010238004848361015
0.011100662872195244
0.02227092906832695
0.0039116451516747475
0.01885974407196045
0.019878080114722252
0.02064855769276619
0.01733994297683239
0.006165829952806234
0.007846569642424583
0.0486900731921196
0.012388037517666817
0.005904406774789095
0.02016465738415718
0.009703944437205791
0.022113433107733727
0.006391893606632948
0.010771923698484898
0.008659915067255497
0.018568046391010284
0.016675561666488647
0.012922990135848522
0.015278048813343048
0.012724786065518856
0.017593571916222572
0.020933030173182487
0.01568089798092842
0.019407888874411583
0.0015217519830912352
0.008988337591290474
0.002470877254381776
0.007715378422290087
0.032495517283678055
0.022686736658215523
0.01745886169373989
0.04298766329884529
0.016247687861323357
0.011141187511384487
0.006840890739113092
0.004530179314315319
0.00449207192286849
0.003909990191459656
0.005514279007911682
0.047407373785972595
0.00663767522200942
0.009909500367939472
0.012536004185676575
0.005399652756750584
0.014096465893089771
0.014781246893107891
0.048966504633426666
0.011537542566657066
0.005754393991082907
0.006080360151827335
0.0070887417532503605
0.007159829139709473
0.00728890486061573
0.02858034335076809
0.00866276491433382
0.009394125081598759
0.008090621791779995
0.022022251039743423
0.0447072871029377
0.014594889245927334
0.009851829148828983
0.021170396357774734
0.008327827788889408
0.004926040768623352
0.04751240462064743
0.010160321369767189
0.009016349911689758
0.01004778128117323
0.0035671242512762547
0.004228332079946995
0.01875114254653454
0.011737905442714691
0.018507681787014008
0.015684865415096283
0.008431726135313511
0.007762530352920294
0.019300973042845726
0.017683442682027817
0.11196330934762955
0.022082118317484856
0.002583748660981655
0.003795546479523182
0.03436587378382683
0.0050819674506783485
0.011425812728703022
0.015051116235554218
0.005505468230694532
0.010587682947516441
0.012455787509679794
0.009645656682550907
0.015194178558886051
0.004999235272407532
0.006455099210143089
0.013401677832007408
0.014794752933084965
0.007383977994322777
0.004429563879966736
0.01641065999865532
0.012832027859985828
0.007290457375347614
0.00404756423085928
0.010674085468053818
0.014499783515930176
0.008068064227700233
0.01114366203546524
0.003452652134001255
0.02013207972049713
0.009367493912577629
0.018368884921073914
0.02145647630095482
0.016825135797262192
0.005067246034741402
0.012793933972716331
0.005321831442415714
0.005370805040001869
0.007762886118143797
0.0332580991089344
0.0038176989182829857
0.00383812771178782
0.008010193705558777
0.014531624503433704
0.007275802083313465
0.0342484787106514
0.006845495197921991
0.015320468693971634
0.011586320586502552
0.010607147589325905
0.014942264184355736
0.005470628850162029
0.004413074813783169
0.009303783066570759
0.018689632415771484
0.004156137350946665
0.015692973509430885
0.0397578589618206
0.015388870611786842
0.006611151620745659
0.02164408750832081
0.014051453210413456
0.002452799351885915
0.009126555174589157
0.005824773572385311
0.01046054344624281
0.02428438887000084
0.004591136239469051
0.03276754170656204
0.005103296134620905
0.051256101578474045
0.013908112421631813
0.04004557058215141
0.015735294669866562
0.007988735102117062
0.014925617724657059
0.007535663433372974
0.0024784293491393328
0.037868037819862366
0.004376234486699104
0.0032006786204874516
0.007118580397218466
0.003167693503201008
0.01706543006002903
0.007973679341375828
0.02346791885793209
0.021060751751065254
0.030221568420529366
0.00784421619027853
0.013746579177677631
0.008810758590698242
0.022654222324490547
0.011202930472791195
0.00822201743721962
0.021398087963461876
0.0170474573969841
0.12013962119817734
0.012999382801353931
0.01323346421122551
0.01633078046143055
0.007579622324556112
0.02510790154337883
0.026202384382486343
0.010295134969055653
0.011041413061320782
0.010227703489363194
0.010612809099256992
0.060304924845695496
0.005801313556730747
0.005769125651568174
0.020225202664732933
0.014861778356134892
0.012327835895121098
0.009688545018434525
0.029652010649442673
0.008471513167023659
0.020269054919481277
0.011128317564725876
0.005496440455317497
0.003524419851601124
0.012935332022607327
0.005910886917263269
0.010961639694869518
0.010464186780154705
0.01517037209123373
0.026664812117815018
0.006452536676079035
0.004369238391518593
0.012424984946846962
0.018015015870332718
0.010360028594732285
0.00624812999740243
0.0036367091815918684
0.009658359922468662
0.015895750373601913
0.057108089327812195
0.10607310384511948
0.003309495747089386
0.005573792848736048
0.0038773994892835617
0.0069958800449967384
0.019460445269942284
0.0026801368221640587
0.0339011624455452
0.008467958308756351
0.001418131636455655
0.012191646732389927
0.003270988818258047
0.012612858787178993
0.008388965390622616
0.01378142461180687
0.008355355821549892
0.024404514580965042
0.002692813752219081
0.013418738730251789
0.017158452421426773
0.015729563310742378
0.0050346325151622295
0.020801464095711708
0.02510545216500759
0.007419300265610218
0.011540883220732212
0.0044121951796114445
0.01716380938887596
0.013630954548716545
0.025813762098550797
0.06806028634309769
0.004297791980206966
0.00939782615751028
0.009613069705665112
0.005368380807340145
0.014576995745301247
0.006537019275128841
0.011828571557998657
0.03266184777021408
0.07936261594295502
0.01901594176888466
0.006268342956900597
0.03103400208055973
0.008032123558223248
0.02233055792748928
0.010808248072862625
0.007595324423164129
0.027756668627262115
0.009593336842954159
0.020683886483311653
0.033757831901311874
0.004829893354326487
0.025152813643217087
0.0052045490592718124
0.11159990727901459
0.020627079531550407
0.006455682683736086
0.005690626800060272
0.00920821726322174
0.005571356974542141
0.01275541726499796
0.04530025273561478
0.0073829879984259605
0.0382920503616333
0.012907452881336212
0.007766850292682648
0.006489210296422243
0.01709151640534401
0.005029029678553343
0.0083658117800951
0.007268108893185854
0.00457803625613451
0.011959102004766464
0.012170284986495972
0.003246650332584977
0.02035556547343731
0.0028781029395759106
0.017506612464785576
0.033332161605358124
0.018313517794013023
0.0057410309091210365
0.004985889885574579
0.006319351028650999
0.02760825864970684
0.01160386297851801
0.011820731684565544
0.02908986061811447
0.025522349402308464
0.011305489577353
0.01009588036686182
0.017274560406804085
0.0042990632355213165
0.003820661688223481
0.00657592061907053
0.02546856738626957
0.010262972675263882
0.006860947236418724
0.01145029067993164
0.004033134784549475
0.015175929293036461
0.009946344420313835
0.003527871100232005
0.01330571435391903
0.0034917169250547886
0.016453992575407028
0.017293861135840416
0.05515031889081001
0.020975856110453606
0.005926491227000952
0.012324735522270203
0.025275561958551407
0.018018802627921104
0.0025171919260174036
0.015942266210913658
0.005718579515814781
0.009271548129618168
0.011299457401037216
0.003527026390656829
0.017447903752326965
0.0038764660712331533
0.01629420556128025
0.0291433148086071
0.00890305731445551
0.0064237648621201515
0.0023470146115869284
0.004613533616065979
0.016757702454924583
0.019689589738845825
0.0402161069214344
0.0028065061196684837
0.005010985303670168
0.022465109825134277
0.018957441672682762
0.003618984716013074
0.009196738712489605
0.018445927649736404
0.013145937584340572
0.008193999528884888
0.0031127703841775656
0.003897241083905101
0.0016921438509598374
0.0038794151041656733
0.037795308977365494
0.00558581855148077
0.015268790535628796
0.02326548844575882
0.013749942183494568
0.0037542188074439764
0.01787819340825081
0.019050708040595055
0.010280443355441093
0.01615026593208313
0.036633867770433426
0.003232535207644105
0.025580275803804398
0.01851547136902809
0.05156160518527031
0.020885586738586426
0.008572673425078392
0.012413463555276394
0.012014666572213173
0.020551281049847603
0.013752141036093235
0.02480415627360344
0.09063790738582611
0.03547260910272598
0.0012397730024531484
0.007486151996999979
0.013085895217955112
0.006946133449673653
0.0009385822922922671
0.010471136309206486
0.0221547931432724
0.0027328128926455975
0.008435454219579697
0.0019749910570681095
0.005646830424666405
0.027685245499014854
0.01195331197232008
0.01129213534295559
0.0035562647972255945
0.017161404713988304
0.01435999944806099
0.020028550177812576
0.006570393219590187
0.014531481079757214
0.003970585763454437
0.008449944667518139
0.007954759523272514
0.004805194213986397
0.013713461346924305
0.010508732870221138
0.008878863416612148
0.004180707037448883
0.016639795154333115
0.008292511105537415
0.01975148357450962
0.006968505680561066
0.0061097899451851845
0.0035477355122566223
0.005227169953286648
0.015592341311275959
0.027851523831486702
0.012858662754297256
0.022431084886193275
0.032620929181575775
0.006446267012506723
0.015574462711811066
0.025952264666557312
0.00970651488751173
0.017282957211136818
0.004620000254362822
0.047093890607357025
0.006050154101103544
0.009715103544294834
0.006399123463779688
0.028504660353064537
0.0024751683231443167
0.015836330130696297
0.005928016733378172
0.007976621389389038
0.02421998232603073
0.06908085942268372
0.003529556095600128
0.009630918502807617
0.008270221762359142
0.002985779894515872
0.0060262600891292095
0.005448604933917522
0.03981901705265045
0.0025375359691679478
0.0011606867192313075
0.008996717631816864
0.03398449346423149
0.002245489275082946
0.023425251245498657
0.022018887102603912
0.005756296217441559
0.0058298977091908455
0.01950731687247753
0.003104669274762273
0.015319108963012695
0.07999420911073685
0.006271091289818287
0.006665028166025877
0.02170235477387905
0.009415008127689362
0.003675718791782856
0.01813781075179577
0.008314146660268307
0.024016177281737328
0.007864348590373993
0.011826042085886002
0.02941032685339451
0.010525842197239399
0.0028009016532450914
0.003965713549405336
0.008994430303573608
0.006594299338757992
0.018624262884259224
0.01667545922100544
0.01220704521983862
0.007868088781833649
0.01257205568253994
0.031197205185890198
0.0017937143566086888
0.00694128405302763
0.0023125414736568928
0.015633035451173782
0.02953960932791233
0.003408778691664338
0.006567369215190411
0.011053427122533321
0.011211337521672249
0.003925011493265629
0.0114175695925951
0.011394433677196503
0.032956428825855255
0.017699917778372765
0.008421466685831547
0.012417866848409176
0.013342166319489479
0.0034034131094813347
0.015270346775650978
0.005784840788692236
0.022446535527706146
0.022297009825706482
0.035983454436063766
0.003629402257502079
0.011235054582357407
0.007596747484058142
0.006261316128075123
0.0028076970484107733
0.01843000017106533
0.014560867100954056
0.012308702804148197
0.006417863070964813
0.009371845051646233
0.05562106519937515
0.07603488862514496
0.012128599919378757
0.0108941700309515
0.0069593689404428005
0.013600029982626438
0.016015231609344482
0.012781954370439053
0.004908278584480286
0.02161010541021824
0.03897511586546898
0.013264796696603298
0.01942272111773491
0.030067408457398415
0.007336055394262075
0.015369120985269547
0.004766998812556267
0.01703108660876751
0.032538317143917084
0.002162904478609562
0.007223897613584995
0.03391000255942345
0.0189483854919672
0.03145156428217888
0.005197468213737011
0.025509405881166458
0.003512344090268016
0.004933158401399851
0.004590247292071581
0.007079705595970154
0.01199644897133112
0.06814830750226974
0.004961288999766111
0.024874072521924973
0.019141606986522675
0.007992374710738659
0.008892010897397995
0.010459373705089092
0.01382605079561472
0.007498055696487427
0.023793641477823257
0.006145727355033159
0.016066869720816612
0.0038472742307931185
0.03375008702278137
0.007786185014992952
0.027240248396992683
0.012756492011249065
0.008150715380907059
0.006606790702790022
0.011490835808217525
0.017705371603369713
0.026747990399599075
0.015053626149892807
0.01929728500545025
0.01754365675151348
0.01719631999731064
0.006652513053268194
0.03475360944867134
0.009046714752912521
0.004154400900006294
0.03657732903957367
0.004884059075266123
0.002719276584684849
0.014361942186951637
0.015304622240364552
0.002874086843803525
0.007976614870131016
0.0037927620578557253
0.0027699433267116547
0.0030441496055573225
0.00885475892573595
0.012108876369893551
0.014512981288135052
0.03749912604689598
0.0012293888721615076
0.003411614801734686
0.0021710642613470554
0.007383938878774643
0.008128894492983818
0.010242161341011524
0.023252073675394058
0.014130010269582272
0.005387121811509132
0.024776652455329895
0.008769524283707142
0.006702567916363478
0.013214829377830029
0.002973082708194852
0.011318918317556381
0.005966976750642061
0.013653451576828957
0.012166100554168224
0.0073157306760549545
0.004414187744259834
0.007321482058614492
0.0036454342771321535
0.014497065916657448
0.0036794438492506742
0.006127277389168739
0.009077819064259529
0.005021080840379
0.002344356616958976
0.03168650344014168
0.008356628008186817
0.08388140797615051
0.0021421918645501137
0.03885278478264809
0.015691367909312248
0.008202292956411839
0.02139279805123806
0.006288468837738037
0.014715499244630337
0.010305605828762054
0.03728106990456581
0.0038426241371780634
0.0046660746447741985
0.007958240807056427
0.009806964546442032
0.011994430795311928
0.0051208981312811375
0.0012387506430968642
0.009205189533531666
0.02199796959757805
0.00565926730632782
0.009428907185792923
0.003239183919504285
0.019022174179553986
0.032363031059503555
0.013845980167388916
0.002776196226477623
0.021539147943258286
0.014042610302567482
0.0036835086066275835
0.006755536422133446
0.03322950005531311
0.026460282504558563
0.010768895037472248
0.01283399760723114
0.011113467626273632
0.00793036725372076
0.0034776325337588787
0.029812809079885483
0.06449006497859955
0.01605156622827053
0.007541243452578783
0.030340526252985
0.012482491321861744
0.019640125334262848
0.04729439318180084
0.015504950657486916
0.006664094049483538
0.010734934359788895
0.010193873196840286
0.00786514487117529
0.02790009044110775
0.051255013793706894
0.01567041501402855
0.01237541250884533
0.0032762226182967424
0.013322025537490845
0.01387082040309906
0.016486087813973427
0.01995134726166725
0.035068001598119736
0.004058917053043842
0.013260983861982822
0.005867499392479658
0.0031092981807887554
0.010985180735588074
0.017944306135177612
0.009236645884811878
0.012096071615815163
0.016708722338080406
0.0043879724107682705
0.010445313528180122
0.046939801424741745
0.009601668454706669
0.017717981711030006
0.0045848628506064415
0.01254485547542572
0.003055484499782324
0.022032741457223892
0.024241097271442413
0.024886129423975945
0.016017306596040726
0.0068724327720701694
0.021920617669820786
0.020077327266335487
0.05425141379237175
0.029065454378724098
0.003642266383394599
0.019764035940170288
0.01617138832807541
0.011670982465147972
0.0061769140884280205
0.001816332689486444
0.03293546289205551
0.012826483696699142
0.01146030705422163
0.007974229753017426
0.02796253003180027
0.05124177411198616
0.008565437979996204
0.011926069855690002
0.004182974807918072
0.00588319031521678
0.0038535306230187416
0.05158445984125137
0.022989658638834953
0.0025910718832165003
0.004912281408905983
0.015043461695313454
0.002600835170596838
0.03364453837275505
0.011201439425349236
0.006201263051480055
0.020250020548701286
0.006705552339553833
0.007524032611399889
0.0835690125823021
0.0064516374841332436
0.004760212264955044
0.006744906306266785
0.0071168821305036545
0.025795556604862213
0.01209983229637146
0.012078829109668732
0.01005621813237667
0.016056809574365616
0.02617476135492325
0.012300959788262844
0.011770686134696007
0.016304994001984596
0.019211258739233017
0.014956019818782806
0.006526433862745762
0.016050511971116066
0.01032536942511797
0.07225634157657623
0.00989181362092495
0.03637690842151642
0.09264207631349564
0.019161179661750793
0.025009404867887497
0.009841981343925
0.010102181695401669
0.009966245852410793
0.005801085382699966
0.006206225138157606
0.013374810107052326
0.005378641188144684
0.03456645458936691
0.10758976638317108
0.0069831181317567825
0.002846021670848131
0.01587255485355854
0.005384168587625027
0.00811099074780941
0.00784109253436327
0.00992023479193449
0.006883695721626282
0.016157064586877823
0.0035884124226868153
0.007676804903894663
0.0052199396304786205
0.004218279384076595
0.0073950402438640594
0.011457606218755245
0.005605518817901611
0.005371584556996822
0.010380077175796032
0.004790906794369221
0.017946870997548103
0.010064870119094849
0.015924807637929916
0.0067863985896110535
0.050080522894859314
0.008938321843743324
0.004155049566179514
0.004553359467536211
0.02483939938247204
0.00445365346968174
0.015826493501663208
0.005339975468814373
0.00202628574334085
0.008625083602964878
0.02813735418021679
0.05746404826641083
0.01102270558476448
0.0043344334699213505
0.004548919852823019
0.01997046172618866
0.0017342944629490376
0.005953280720859766
0.005153421778231859
0.02643103338778019
0.015572261065244675
0.003671746701002121
0.015436561778187752
0.022197023034095764
0.02341301366686821
0.028493613004684448
0.006999760400503874
0.0024327023420482874
0.014347795397043228
0.010056682862341404
0.007379375863820314
0.00981514435261488
0.003278805408626795
0.009446751326322556
0.011325611732900143
0.013281715102493763
0.02799183689057827
0.015360768884420395
0.003735858481377363
0.008976825512945652
0.00732082687318325
0.02519121579825878
0.012735861353576183
0.05490618944168091
0.015080791898071766
0.009158975444734097
0.033791474997997284
0.0430075041949749
0.004184657242149115
0.006249006371945143
0.010013065300881863
0.0048585329204797745
0.0594523586332798
0.013798557221889496
0.014110920019447803
0.025656381621956825
0.003358022077009082
0.015586066991090775
0.01734001748263836
0.018489671871066093
0.005062221549451351
0.007236856035888195
0.09513431787490845
0.008868680335581303
0.022143155336380005
0.02134396694600582
0.009894383139908314
0.0027299735229462385
0.01214778795838356
0.01285276748239994
0.012041707523167133
0.026606114581227303
0.004571355413645506
0.007810126058757305
0.0020883616525679827
0.00884535163640976
0.008611776866018772
0.020514950156211853
0.015953829512000084
0.004938280675560236
0.014155886135995388
0.007758629973977804
0.017059223726391792
0.021454807370901108
0.024496570229530334
0.013333545066416264
0.011231944896280766
0.0027046208269894123
0.0016845023492351174
0.011300507932901382
0.031180476769804955
0.006610693875700235
0.024292124435305595
0.03248221054673195
0.015613301657140255
0.01149906124919653
0.01567791774868965
0.0043308730237185955
0.02271927148103714
0.005847534630447626
0.022747833281755447
0.008384202606976032
0.004564717877656221
0.0023648939095437527
0.005486172623932362
0.00863523781299591
0.02157502807676792
0.015222986228764057
0.010500350967049599
0.013224284164607525
0.0024339547380805016
0.008098887279629707
0.004868997260928154
0.004758468829095364
0.00565306143835187
0.018626311793923378
0.014885127544403076
0.000981227494776249
0.023664535954594612
0.014704165048897266
0.0066916910000145435
0.015411501750349998
0.013064924627542496
0.01785379648208618
0.001427814015187323
0.005445242393761873
0.0324614979326725
0.0069137378595769405
0.011697765439748764
0.01974145509302616
0.00870096031576395
0.006781463976949453
0.005454083438962698
0.007997994311153889
0.00484008714556694
0.012593206018209457
0.0067901695147156715
0.005461330525577068
0.008635845966637135
0.008654885925352573
0.0030587499495595694
0.010224209167063236
0.004028704948723316
0.007832372561097145
0.005790248978883028
0.014546668156981468
0.013413315638899803
0.00661578169092536
0.012728956528007984
0.05222032219171524
0.00218911562114954
0.01638467237353325
0.026661835610866547
0.004226009361445904
0.018647940829396248
0.0029980663675814867
0.023641852661967278
0.0014525079168379307
0.01981218345463276
0.01578553207218647
0.010196520946919918
0.017464645206928253
0.028495492413640022
0.013723003678023815
0.00455750897526741
0.01134344283491373
0.007001828867942095
0.02238091640174389
0.0064696138724684715
0.006445384118705988
0.014281652867794037
0.010145987384021282
0.0025508457329124212
0.008525023236870766
0.017579535022377968
0.005806180648505688
0.05683594569563866
0.005394047126173973
0.0025809446815401316
0.007870959118008614
0.01972062513232231
0.01941889338195324
0.015912670642137527
0.02365908958017826
0.004656077828258276
0.021026773378252983
0.003699453780427575
0.012864183634519577
0.005833044182509184
0.018389679491519928
0.018365563824772835
0.014883087016642094
0.009769131429493427
0.011216375976800919
0.0058772144839167595
0.07636678963899612
0.011227423325181007
0.005573544651269913
0.0034334457013756037
0.02347700297832489
0.005897536873817444
0.006388868670910597
0.011565451510250568
0.01403232291340828
0.01728145033121109
0.018925625830888748
0.006534746382385492
0.03217768669128418
0.012260131537914276
0.0025869961827993393
0.012771393172442913
0.004463874734938145
0.04886455088853836
0.01094160508364439
0.017007984220981598
0.012619570828974247
0.011850434355437756
0.002919274615123868
0.01225084438920021
0.0076675727032125
0.02119516208767891
0.023447131738066673
0.0032177348621189594
0.0041084387339651585
0.020703844726085663
0.011328522115945816
0.005918487906455994
0.008489307947456837
0.0038997039664536715
0.003941945731639862
0.03192814812064171
0.006042634602636099
0.010260454379022121
0.01244715042412281
0.020213810727000237
0.01894017867743969
0.00444619869813323
0.02714974619448185
0.004953097086399794
0.010108507238328457
0.011317365802824497
0.013506805524230003
0.008958205580711365
0.017112018540501595
0.0063539473339915276
0.003138120286166668
0.005010486114770174
0.00900283269584179
0.0017001298256218433
0.003954261541366577
0.024155374616384506
0.011583060026168823
0.005962473340332508
0.004850995261222124
0.003472906304523349
0.0175436083227396
0.027031658217310905
0.006984335836023092
0.024510936811566353
0.01610991731286049
0.011567795649170876
0.023573458194732666
0.008346522226929665
0.02167961746454239
0.05646604299545288
0.012435099110007286
0.042569324374198914
0.005423312541097403
0.015259157866239548
0.01210570428520441
0.040695399045944214
0.006911488715559244
0.0054279109463095665
0.005952846258878708
0.02089882083237171
0.03618236258625984
0.0024465490132570267
0.010975560173392296
0.007431425154209137
0.016541171818971634
0.026446307078003883
0.007609786465764046
0.01905711553990841
0.019199753180146217
0.022337675094604492
0.005563104525208473
0.015517781488597393
0.005001845303922892
0.0034891909454017878
0.002304378431290388
0.00486640352755785
0.03357383608818054
0.008187255822122097
0.008212543092668056
0.0031280838884413242
0.013086496852338314
0.013277917169034481
0.009572726674377918
0.012363075278699398
0.005032939370721579
0.005973972380161285
0.015724079683423042
0.01009287778288126
0.005672338884323835
0.015656055882573128
0.003973269835114479
0.019157012924551964
0.006372824776917696
0.045835621654987335
0.0034369148779660463
0.006462816148996353
0.00851480383425951
0.00714306952431798
0.008027876727283001
0.013577314093708992
0.0034099614713340998
0.03015199676156044
0.01956859417259693
0.02382669225335121
0.01015308778733015
0.00671917200088501
0.013865167275071144
0.006779164541512728
0.009090108796954155
0.023616380989551544
0.004024549387395382
0.026879558339715004
0.0026343499775975943
0.0182782169431448
0.014750191010534763
0.01203619409352541
0.025371205061674118
0.003056126646697521
0.021328186616301537
0.012804645113646984
0.014135006815195084
0.09684506803750992
0.0488557294011116
0.0015224518720060587
0.008280610665678978
0.02680143155157566
0.007985739037394524
0.005680432077497244
0.01883895881474018
0.007717883680015802
0.058371398597955704
0.012887092307209969
0.021846018731594086
0.014347963035106659
0.005738070700317621
0.006102265324443579
0.005188755225390196
0.023731255903840065
0.09964549541473389
0.007359625305980444
0.018683243542909622
0.011469624005258083
0.05827140435576439
0.01520566362887621
0.009240889921784401
0.016553713008761406
0.008819683454930782
0.006304630544036627
0.02573554217815399
0.03879023343324661
0.011505702510476112
0.011419872753322124
0.011532741598784924
0.05566520243883133
0.009033609181642532
0.0029819426126778126
0.005161745473742485
0.009114368818700314
0.03503987938165665
0.002399803139269352
0.014401160180568695
0.0035194929223507643
0.06702504307031631
0.026570115238428116
0.005708022974431515
0.012436890043318272
0.007399378344416618
0.024167094379663467
0.009365732781589031
0.008942043408751488
0.09820414334535599
0.04208016395568848
0.008635825477540493
0.005062696989625692
0.03600713238120079
0.010441985912621021
0.02084587700664997
0.01679222658276558
0.08249250799417496
0.010523836128413677
0.01819256693124771
0.008735897950828075
0.008718852885067463
0.006471336353570223
0.011042559519410133
0.004339976701885462
0.005675262771546841
0.009541253559291363
0.0030049188062548637
0.010370984673500061
0.05529763549566269
0.010035925544798374
0.018071703612804413
0.007023554295301437
0.016294825822114944
0.0074298488907516
0.0038112541660666466
0.0063150739297270775
0.006898791994899511
0.05207127332687378
0.0052853962406516075
0.009375018998980522
0.014668568037450314
0.0013587709981948137
0.0014763245126232505
0.023997239768505096
0.033138588070869446
0.015972089022397995
0.029107818379998207
0.005817932542413473
0.016222327947616577
0.0093952352181077
0.002694159047678113
0.02198696695268154
0.011669023893773556
0.036787938326597214
0.0471343956887722
0.014314237982034683
0.008945121429860592
0.024153439328074455
0.008787968195974827
0.008121454156935215
0.006086867302656174
0.007879841141402721
0.09048189222812653
0.007941126823425293
0.023710358887910843
0.008409167639911175
0.010453877039253712
0.0059735761024057865
0.029990456998348236
0.012304575182497501
0.006907242350280285
0.009843854233622551
0.004595673643052578
0.02524080127477646
0.0017938166856765747
0.004946920555084944
0.05802740529179573
0.0023501126561313868
0.006475028581917286
0.0081958482041955
0.008633132092654705
0.017563343048095703
0.01864851638674736
0.027536367997527122
0.008795523084700108
0.007335490081459284
0.00861815083771944
0.0024241760838776827
0.015164284035563469
0.008546451106667519
0.003780923318117857
0.026184912770986557
0.04915963485836983
0.005308283027261496
0.006534071639180183
0.009198172949254513
0.009360508993268013
0.0058032553642988205
0.01005041878670454
0.009117977693676949
0.009525615721940994
0.0055654579773545265
0.011124844662845135
0.007796871941536665
0.01413821056485176
0.0016288630431517959
0.002588655101135373
0.03456346318125725
0.01311479602009058
0.034968119114637375
0.017695961520075798
0.004496234469115734
0.022153563797473907
0.04988150671124458
0.004628182388842106
0.008002687245607376
0.0024991147220134735
0.0093587851151824
0.01225269678980112
0.008310318924486637
0.01708255521953106
0.021312443539500237
0.009860656224191189
0.007812095806002617
0.0033655501902103424
0.005478450562804937
0.01067969761788845
0.012070308439433575
0.012784939259290695
0.004792630206793547
0.015039322897791862
0.008214528672397137
0.0036421888507902622
0.009707426652312279
0.009844436310231686
0.010860580950975418
0.003080489346757531
0.03289443626999855
0.09670485556125641
0.025277528911828995
0.0085217310115695
0.005736484657973051
0.0022982191294431686
0.010680347681045532
0.022765377536416054
0.01605389453470707
0.008169764652848244
0.013810429722070694
0.016880668699741364
0.0033364042174071074
0.012078885920345783
0.0049199303612113
0.025571409612894058
0.010908221825957298
0.009868280030786991
0.004817420616745949
0.00485195079818368
0.010122105479240417
0.007189558818936348
0.029488645493984222
0.0232245996594429
0.03385315090417862
0.004430629778653383
0.034166332334280014
0.009744871407747269
0.005213635042309761
0.02969682402908802
0.010509982705116272
0.01696070283651352
0.006565088871866465
0.006989562883973122
0.013722538948059082
0.010035139508545399
0.013855124823749065
0.010440143756568432
0.030385669320821762
0.01531877089291811
0.004015160724520683
0.008281460963189602
0.005124406889081001
0.005489136092364788
0.009338264353573322
0.028678398579359055
0.05169356241822243
0.002701313467696309
0.007225967012345791
0.002757481997832656
0.012281440198421478
0.014899413101375103
0.005004618316888809
0.05572202801704407
0.007402120623737574
0.018047699704766273
0.02963426150381565
0.054282594472169876
0.03202442824840546
0.044386617839336395
0.008404611609876156
0.017378637567162514
0.018679389730095863
0.01102947536855936
0.029613008722662926
0.003463206347078085
0.01501537673175335
0.007680942770093679
0.00919721182435751
0.00917047169059515
0.027918841689825058
0.0023926219437271357
0.002156276721507311
0.0266851969063282
0.012741307727992535
0.005148264113813639
0.03306136652827263
0.0024060120340436697
0.005424470640718937
0.013273843564093113
0.002898121252655983
0.005211367271840572
0.007399591617286205
0.019969161599874496
0.01059530396014452
0.04520504176616669
0.02401665225625038
0.006070360541343689
0.010776746086776257
0.005707701202481985
0.026539791375398636
0.010496542789041996
0.01753419078886509
0.01618192158639431
0.010761567391455173
0.002855544211342931
0.01764574460685253
0.004674377851188183
0.008825492113828659
0.08104806393384933
0.00825574342161417
0.015977313742041588
0.01621014066040516
0.005922829266637564
0.011171982623636723
0.015027285553514957
0.012171907350420952
0.009815678000450134
0.016578206792473793
0.003999943379312754
0.010978754609823227
0.045756954699754715
0.013993621803820133
0.00943090207874775
0.010475490242242813
0.005068178754299879
0.007784681860357523
0.05107930675148964
0.07350475341081619
0.00987860094755888
0.013630397617816925
0.011335920542478561
0.007750507909804583
0.0013861919287592173
0.0033014132641255856
0.012572623789310455
0.00975041277706623
0.01189407892525196
0.011448466219007969
0.01461231242865324
0.005128770135343075
0.013320942409336567
0.013897488825023174
0.013121061958372593
0.062488947063684464
0.00806421134620905
0.00893224123865366
0.020379789173603058
0.005870481487363577
0.030498098582029343
0.009332037530839443
0.0038189576007425785
0.024235451593995094
0.005633621476590633
0.016612384468317032
0.012814704328775406
0.005353278014808893
0.009077275171875954
0.03512256219983101
0.00967144500464201
0.00831586867570877
0.012317238375544548
0.024823034182190895
0.0016542491503059864
0.06012288108468056
0.012629087083041668
0.01941261999309063
0.0064963954500854015
0.004045356065034866
0.01826249435544014
0.02882539853453636
0.007073621731251478
0.010836092755198479
0.002210701582953334
0.011778919957578182
0.01997409388422966
0.01537526398897171
0.008908810093998909
0.004908304195851088
0.022767284885048866
0.09575081616640091
0.017498480156064034
0.010936264880001545
0.004855274222791195
0.005575614050030708
0.01702846772968769
0.007618649862706661
0.0035228293854743242
0.07353971898555756
0.03522050008177757
0.00499252462759614
0.0368640311062336
0.038459841161966324
0.00480503449216485
0.021589921787381172
0.024090906605124474
0.005332321859896183
0.030874578282237053
0.031186746433377266
0.008424458093941212
0.010754061862826347
0.03841443732380867
0.048748694360256195
0.014540518634021282
0.003976868465542793
0.03148626908659935
0.013743981719017029
0.006901968736201525
0.013236877508461475
0.003107099561020732
0.007324567064642906
0.02341381087899208
0.00941550638526678
0.006332836579531431
0.015985427424311638
0.008085940033197403
0.01400490291416645
0.01212267018854618
0.0073477113619446754
0.022824890911579132
0.0031228291336447
0.004760982934385538
0.03722025081515312
0.017881333827972412
0.032235994935035706
0.011178879998624325
0.003585993777960539
0.025288287550210953
0.010685366578400135
0.08167027682065964
0.0049935816787183285
0.019106030464172363
0.005695196334272623
0.005459178239107132
0.05348197743296623
0.008937245234847069
0.02874687872827053
0.009887672029435635
0.016432147473096848
0.020531944930553436
0.039053525775671005
0.005123235750943422
0.0019731693901121616
0.0017785429954528809
0.007751501630991697
0.024253400042653084
0.004940082784742117
0.03590552136301994
0.006634981371462345
0.027995623648166656
0.03155748173594475
0.010489115491509438
0.022975753992795944
0.008651098236441612
0.008216937072575092
0.006835239008069038
0.012804392725229263
0.004040696192532778
0.01695147342979908
0.008284100331366062
0.003244678722694516
0.00932048074901104
0.019343873485922813
0.037165191024541855
0.02431516721844673
0.007820027880370617
0.00465181702747941
0.010863369330763817
0.00475576426833868
0.0150248222053051
0.007396545261144638
0.012417883612215519
0.018525034189224243
0.015206020325422287
0.006664803717285395
0.029973769560456276
0.0024600878823548555
0.22242943942546844
0.02393428236246109
0.012324909679591656
0.003906563390046358
0.007826275192201138
0.012833289802074432
0.004445214755833149
0.017406530678272247
0.0034307187888771296
0.012627599760890007
0.008259176276624203
0.024392006918787956
0.011350622400641441
0.00932732131332159
0.011626833118498325
0.005768406204879284
0.017481228336691856
0.018969129770994186
0.005791931413114071
0.006137873977422714
0.006092033348977566
0.0029089401941746473
0.03024972602725029
0.007897499948740005
0.048169296234846115
0.018349574878811836
0.023561745882034302
0.0030274332966655493
0.013011950999498367
0.012115865014493465
0.010451105423271656
0.04886084794998169
0.005471124313771725
0.0056855943985283375
0.004064410459250212
0.005463478155434132
0.05817228928208351
0.008157942444086075
0.013802183791995049
0.01032312959432602
0.010537221096456051
0.03951844573020935
0.018391890451312065
0.007323166821151972
0.011918424628674984
0.015725333243608475
0.012744702398777008
0.049218978732824326
0.01300722360610962
0.003756072139367461
0.0034074019640684128
0.00023777988099027425
0.028002437204122543
0.044506289064884186
0.00841341819614172
0.0065020606853067875
0.012401917949318886
0.029524510726332664
0.00211921869777143
0.005020852200686932
0.038175322115421295
0.023242466151714325
0.009962784126400948
0.007166736759245396
0.007242892403155565
0.002788866637274623
0.011395571753382683
0.008066869340837002
0.048583418130874634
0.012325762771070004
0.018087513744831085
0.03869684413075447
0.01502746157348156
0.007763264235109091
0.01460291538387537
0.0036896138917654753
0.004848233889788389
0.0023088206071406603
0.009973710402846336
0.008654165081679821
0.019629674032330513
0.013218510895967484
0.01069951057434082
0.007830807939171791
0.006954512558877468
0.015975387766957283
0.010715218260884285
0.007489086594432592
0.046831704676151276
0.006355886813253164
0.003391523379832506
0.01863124966621399
0.02758624777197838
0.022462278604507446
0.005006297025829554
0.045245591551065445
0.008682377636432648
0.030040262266993523
0.0068841613829135895
0.010988331399857998
0.008177407085895538
0.017428647726774216
0.003926314879208803
0.007832935079932213
0.011830131523311138
0.00552312983199954
0.052896734327077866
0.027500536292791367
0.01694653183221817
0.0028483541682362556
0.010868914425373077
0.0036143953911960125
0.003965563140809536
0.01313126552850008
0.01443779282271862
0.004882629495114088
0.016702769324183464
0.011736318469047546
0.018370192497968674
0.01792527548968792
0.0027816826477646828
0.03421971574425697
0.004527554847300053
0.010742207989096642
0.004721456207334995
0.004797750618308783
0.028376957401633263
0.009614599868655205
0.0031472102273255587
0.008246051147580147
0.062100689858198166
0.013412578031420708
0.010203799232840538
0.0021500918082892895
0.005347337573766708
0.006590704899281263
0.1033388301730156
0.008371490053832531
0.010757085867226124
0.03105907514691353
0.013383666053414345
0.004549133591353893
0.01410631649196148
0.009778310544788837
0.01839298941195011
0.00638259993866086
0.011333458125591278
0.016280202195048332
0.0038579958491027355
0.013316241092979908
0.011019467376172543
0.009667554870247841
0.022038234397768974
0.0021404598373919725
0.018566159531474113
0.07287245243787766
0.003957092761993408
0.01904996857047081
0.003299857024103403
0.02594301477074623
0.006440839730203152
0.001897817593999207
0.06395220011472702
0.027743713930249214
0.024493888020515442
0.03969283029437065
0.04019103944301605
0.024251487106084824
0.016358785331249237
0.030532928183674812
0.04487363621592522
0.005562711041420698
0.015193501487374306
0.006925308145582676
0.01204447541385889
0.005492901895195246
0.023934699594974518
0.017022227868437767
0.004573060665279627
0.014387799426913261
0.013493959791958332
0.020070958882570267
0.005835861898958683
0.01959933713078499
0.018162516877055168
0.022824905812740326
0.01142440177500248
0.009954961016774178
0.00574469892308116
0.0062590911984443665
0.010419286787509918
0.008446365594863892
0.013448485173285007
0.019370073452591896
0.006596217397600412
0.014475463889539242
0.019110163673758507
0.0063534206710755825
0.018991637974977493
0.013380587100982666
0.007289170753210783
0.016352495178580284
0.02447810210287571
0.012976394966244698
0.017983373254537582
0.008253666572272778
0.007939755916595459
0.006232738494873047
0.005533810239285231
0.007440709508955479
0.005789249669760466
0.0074873813427984715
0.03220222145318985
0.08042658120393753
0.009170536883175373
0.012432792223989964
0.04199148714542389
0.10769203305244446
0.020871860906481743
0.0332864373922348
0.005091823637485504
0.006342845503240824
0.004035700112581253
0.01647639460861683
0.019280536100268364
0.05781836062669754
0.013979213312268257
0.008957883343100548
0.004772530868649483
0.008686322718858719
0.0040835607796907425
0.02015571855008602
0.002823757706210017
0.00478790421038866
0.03811013698577881
0.006623401306569576
0.007716579828411341
0.01694362610578537
0.0029316421132534742
0.016688451170921326
0.015634804964065552
0.007732969243079424
0.013203996233642101
0.009415870532393456
0.006226333323866129
0.0059829638339579105
0.01963171176612377
0.04728865623474121
0.0100404042750597
0.007972456514835358
0.004786191042512655
0.006368324626237154
0.003072489518672228
0.047979824244976044
0.05813179165124893
0.021577484905719757
0.0066632917150855064
0.005432168021798134
0.014638314954936504
0.00541060883551836
0.01693396270275116
0.014483963139355183
0.017137326300144196
0.015548442490398884
0.039597347378730774
0.03890116885304451
0.006758048664778471
0.02065983973443508
0.025539124384522438
0.014645821414887905
0.012523832730948925
0.008072465658187866
0.006144786719232798
0.012944022193551064
0.0038501827511936426
0.011039460077881813
0.007345924153923988
0.017877139151096344
0.008002032525837421
0.008935973979532719
0.012491511180996895
0.009293033741414547
0.01818467304110527
0.013181046582758427
0.005481566768139601
0.009934973903000355
0.010797083377838135
0.01486791018396616
0.00627911975607276
0.008622152730822563
0.017694801092147827
0.010988425463438034
0.019572509452700615
0.018031388521194458
0.006916406098753214
0.011389562860131264
0.013551614247262478
0.020117923617362976
0.030072344467043877
0.012483583763241768
0.004907933995127678
0.010791166685521603
0.005789661314338446
0.011793253943324089
0.01781165413558483
0.009016814641654491
0.006087646819651127
0.010714864358305931
0.032181695103645325
0.10935471206903458
0.010283189825713634
0.006859397515654564
0.015036596916615963
0.005344814620912075
0.0943644791841507
0.007783735170960426
0.003806695807725191
0.02129141427576542
0.06641950458288193
0.07186101377010345
0.00815398059785366
0.004614933393895626
0.0022264746949076653
0.023333599790930748
0.04337789863348007
0.004906299524009228
0.005949568934738636
0.010938839986920357
0.015044917352497578
0.013870448805391788
0.007613946218043566
0.0204436257481575
0.07518407702445984
0.009821005165576935
0.008898257277905941
0.019939761608839035
0.010345221497118473
0.008486266247928143
0.01675153523683548
0.00965117011219263
0.0033085003960877657
0.006708125118166208
0.014516145922243595
0.010497110895812511
0.02067158743739128
0.012807081453502178
0.01575648784637451
0.008637238293886185
0.013835442252457142
0.01923316717147827
0.005090946797281504
0.006937531288713217
0.0009296740754507482
0.006929552648216486
0.03504113852977753
0.09682851284742355
0.006083415821194649
0.0217475276440382
0.009182481095194817
0.014831914566457272
0.0017341106431558728
0.04183928295969963
0.005410408601164818
0.020227782428264618
0.025241669267416
0.020066607743501663
0.02105681411921978
0.010300680063664913
0.010915781371295452
0.005556589923799038
0.0019309507915750146
0.006382056046277285
0.008930510841310024
0.03471147641539574
0.006862396840006113
0.006193685345351696
0.010128915309906006
0.03244422748684883
0.005300549324601889
0.11823316663503647
0.016594966873526573
0.007092011161148548
0.0031819045543670654
0.0037439335137605667
0.018074581399559975
0.013456444256007671
0.04056946933269501
0.019488826394081116
0.013357901014387608
0.011964106932282448
0.007723195478320122
0.004012173507362604
0.02407822385430336
0.04592404142022133
0.010744397528469563
0.01074991375207901
0.019921423867344856
0.004468411672860384
0.021809754893183708
0.0029908730648458004
0.00925633404403925
0.022108078002929688
0.02739214152097702
0.009192585945129395
0.006577712018042803
0.009119839407503605
0.009536955505609512
0.020929286256432533
0.005826300475746393
0.020552894100546837
0.004148729145526886
0.018268650397658348
0.0065527441911399364
0.013498333282768726
0.006236535031348467
0.00476514408364892
0.0630529597401619
0.006181950215250254
0.01149849221110344
0.013162816874682903
0.00798108335584402
0.0033185933716595173
0.03409519046545029
0.004543484188616276
0.009415888227522373
0.046528615057468414
0.012712081894278526
0.021339764818549156
0.01701403595507145
0.007003450766205788
0.04094132035970688
0.016838494688272476
0.019018663093447685
0.01699664257466793
0.0035873688757419586
0.023561066016554832
0.005485001485794783
0.012176994234323502
0.029875600710511208
0.014368775300681591
0.010526701807975769
0.042255859822034836
0.010398883372545242
0.013942612335085869
0.005442321766167879
0.009764146991074085
0.007172649260610342
0.011464180424809456
0.09220989793539047
0.003473082557320595
0.0051081497222185135
0.008955110795795918
0.02789429761469364
0.04439561814069748
0.014685261994600296
0.0030826779548078775
0.03338274732232094
0.013524888083338737
0.0011545077431946993
0.020614422857761383
0.010739416815340519
0.007853194139897823
0.013521216809749603
0.02777259238064289
0.03710399940609932
0.023559613153338432
0.008355051279067993
0.005195737816393375
0.0056846858933568
0.007605012971907854
0.015243688598275185
0.0163491889834404
0.008068438619375229
0.004392219707369804
0.024704115465283394
0.0031791755463927984
0.009326787665486336
0.005952973384410143
0.006154948845505714
0.019991116598248482
0.00991037953644991
0.01669667847454548
0.0061537413857877254
0.007621217519044876
0.02817729488015175
0.02687123231589794
0.009657506830990314
0.005131041165441275
0.002782053081318736
0.027943484485149384
0.03032633289694786
0.04163637384772301
0.022389983758330345
0.02652188204228878
0.005641616880893707
0.007827774621546268
0.004720398224890232
0.0024513716343790293
0.06024090200662613
0.007968656718730927
0.010032018646597862
0.008091502822935581
0.002913511823862791
0.004330603405833244
0.011432190425693989
0.009885866194963455
0.013980517163872719
0.006683322135359049
0.007997927255928516
0.015795312821865082
0.005912876222282648
0.015795772895216942
0.026326540857553482
0.01941750943660736
0.006802999880164862
0.012539092451334
0.0025112663861364126
0.01155445072799921
0.0025761446449905634
0.012447074055671692
0.005982391070574522
0.008552352897822857
0.00816278625279665
0.005832971539348364
0.036142509430646896
0.0025959971826523542
0.02984967827796936
0.03121940791606903
0.024197526276111603
0.0067077637650072575
0.010424922220408916
0.008721924386918545
0.01913241669535637
0.02914186380803585
0.02317831479012966
0.01926758699119091
0.03843371197581291
0.001959338318556547
0.04230181872844696
0.008683932945132256
0.007017810828983784
0.028034869581460953
0.019360855221748352
0.025820288807153702
0.01590898260474205
0.007123782765120268
0.002549893455579877
0.032503556460142136
0.006426811683923006
0.003734348341822624
0.0170394629240036
0.008429975248873234
0.05377992242574692
0.11836285144090652
0.01949184387922287
0.00984753668308258
0.0042306287214159966
0.055776260793209076
0.003757815808057785
0.011821177788078785
0.008195413276553154
0.0075041609816253185
0.014759361743927002
0.011210539378225803
0.006633661687374115
0.00553881423547864
0.007403732743114233
0.01472823228687048
0.017658676952123642
0.024785006418824196
0.010596179403364658
0.00849852804094553
0.014821542426943779
0.01653292216360569
0.005198822356760502
0.045276787132024765
0.015782272443175316
0.0171036496758461
0.01127895712852478
0.038041722029447556
0.007011101581156254
0.026657596230506897
0.023631777614355087
0.006095663644373417
0.002436554292216897
0.0023432874586433172
0.008211350999772549
0.024761592969298363
0.009118055924773216
0.015074575319886208
0.018388163298368454
0.006738871335983276
0.0023092280607670546
0.016914857551455498
0.003950197249650955
0.011606412008404732
0.02554057165980339
0.019979137927293777
0.004853830207139254
0.0016982984961941838
0.006706968881189823
0.019633162766695023
0.017101917415857315
0.006580107845366001
0.051514916121959686
0.008234625682234764
0.004315030295401812
0.024049069732427597
0.008921433240175247
0.020223351195454597
0.03380397707223892
0.004843993578106165
0.01171980332583189
0.004476296715438366
0.0067742508836090565
0.004474753979593515
0.003481759224087
0.05203710496425629
0.011134838685393333
0.009515246376395226
0.007871700450778008
0.012730364687740803
0.012214729562401772
0.013613701798021793
0.0075807454995810986
0.017564527690410614
0.008572916500270367
0.02164009027183056
0.012901324778795242
0.002521563321352005
0.008706176653504372
0.011258125305175781
0.011732479557394981
0.00942983292043209
0.02368064410984516
0.026683492586016655
0.04002789780497551
0.014716426841914654
0.010622034780681133
0.022531023249030113
0.006027428433299065
0.017637265846133232
0.0035731482785195112
0.011076959781348705
0.008314594626426697
0.014518266543745995
0.0042077586986124516
0.007524523884057999
0.019347740337252617
0.014369681477546692
0.021302983164787292
0.003055041655898094
0.0118469949811697
0.026005282998085022
0.011665450409054756
0.01085841003805399
0.010016118176281452
0.005872142966836691
0.00500768655911088
0.005480992142111063
0.02606820873916149
0.006888519041240215
0.013134175911545753
0.015624944120645523
0.003256183583289385
0.001864782301709056
0.03191830590367317
0.047252751886844635
0.010774469003081322
0.005134875886142254
0.027497244998812675
0.0019274168880656362
0.002038226230069995
0.016673825681209564
0.014292039908468723
0.008660844527184963
0.0339735709130764
0.008711759001016617
0.024151574820280075
0.0077180699445307255
0.005713985301554203
0.01592209003865719
0.03768328204751015
0.014617777429521084
0.011458027176558971
0.019512921571731567
0.00730194803327322
0.006174619309604168
0.013681890442967415
0.0406801775097847
0.024501504376530647
0.0035662974696606398
0.005147509276866913
0.01261268649250269
0.002992405090481043
0.010390108451247215
0.012306947261095047
0.009453401900827885
0.007493546232581139
0.006157776340842247
0.005378432106226683
0.008564737625420094
0.018846606835722923
0.010636648163199425
0.030791157856583595
0.027133289724588394
0.016960248351097107
0.0066491481848061085
0.009842386469244957
0.008879278786480427
0.013676388189196587
0.02120131440460682
0.009497212246060371
0.006026791408658028
0.023215077817440033
0.007229549810290337
0.013693462125957012
0.042979419231414795
0.012281371280550957
0.00912597868591547
0.00602824566885829
0.002985436702147126
0.03954918310046196
0.019726410508155823
0.014967705123126507
0.006096799857914448
0.0079306336119771
0.007558564189821482
0.003662095172330737
0.022669462487101555
0.008021014742553234
0.014199559576809406
0.0069309016689658165
0.0053082481026649475
0.041375722736120224
0.002180165145546198
0.012880719266831875
0.008558508940041065
0.006380198989063501
0.010805784724652767
0.005722693633288145
0.09732768684625626
0.017339374870061874
0.0024855316150933504
0.015707291662693024
0.01329717691987753
0.02111136168241501
0.006053421180695295
0.005007175728678703
0.02233625203371048
0.005401181988418102
0.01653091423213482
0.016035834327340126
0.022008348256349564
0.0296542476862669
0.012560997158288956
0.021427275612950325
0.008744296617805958
0.01753056049346924
0.11067582666873932
0.01849754899740219
0.020624566823244095
0.009201663546264172
0.007291276007890701
0.07184881716966629
0.007970786653459072
0.0062670097686350346
0.020032556727528572
0.009767120704054832
0.005549006629735231
0.026348037645220757
0.007038172334432602
0.009214500896632671
0.016898753121495247
0.003912408836185932
0.005831241142004728
0.012479940429329872
0.011295047588646412
0.0070109060034155846
0.028966866433620453
0.012360671535134315
0.009923676960170269
0.008992322720587254
0.007859505712985992
0.005228300578892231
0.015184306539595127
0.01782778464257717
0.004381535574793816
0.010258789174258709
0.012109263800084591
0.003357355482876301
0.010990669019520283
0.003685788018628955
0.006351328454911709
0.014143647626042366
0.005365250166505575
0.005385065451264381
0.014272491447627544
0.011073178611695766
0.011523276567459106
0.04157030209898949
0.02371123991906643
0.008393770083785057
0.0016045436495915055
0.04073457419872284
0.007875719107687473
0.008216524496674538
0.008835015818476677
0.028820740059018135
0.0036267582327127457
0.007914644666016102
0.008414620533585548
0.02498267963528633
0.010505043901503086
0.027785321697592735
0.012007242999970913
0.0075956047512590885
0.0325845330953598
0.03843238949775696
0.010167262516915798
0.00914678443223238
0.03169402480125427
0.02470150962471962
0.014134210534393787
0.018095174804329872
0.007991282269358635
0.018199872225522995
0.00833158940076828
0.051479779183864594
0.006804524455219507
0.02150244079530239
0.027179954573512077
0.01290205866098404
0.012331726960837841
0.06983008980751038
0.006920977029949427
0.0489828959107399
0.008738148957490921
0.0037997583858668804
0.007032292895019054
0.018302669748663902
0.0080184917896986
0.006890309974551201
0.004682380240410566
0.039728134870529175
0.009266016073524952
0.025601569563150406
0.002095094183459878
0.003549691289663315
0.015145622193813324
0.016399355605244637
0.025011958554387093
0.023365667089819908
0.018604237586259842
0.002295769052579999
0.005223677959293127
0.012483219616115093
0.03565579280257225
0.03437233716249466
0.0709526538848877
0.0021252837032079697
0.007814069278538227
0.00427304208278656
0.00529533252120018
0.035112109035253525
0.0402565635740757
0.013330596499145031
0.010193632915616035
0.048589304089546204
0.004493840038776398
0.0262791495770216
0.01370809692889452
0.041591204702854156
0.007980444468557835
0.005708377808332443
0.007153943181037903
0.017649151384830475
0.01849275827407837
0.008942369371652603
0.01888023503124714
0.010188775137066841
0.004321645945310593
0.012729436159133911
0.006922658532857895
0.009080355055630207
0.0026040992233902216
0.006188669241964817
0.038589175790548325
0.007155958563089371
0.012593834660947323
0.005149956792593002
0.0288503710180521
0.0065457639284431934
0.055428631603717804
0.012476861476898193
0.011364344507455826
0.02065436542034149
0.02843945100903511
0.017128581181168556
0.005536597687751055
0.011676989495754242
0.03250887617468834
0.005941618233919144
0.0860835537314415
0.025038130581378937
0.06582588702440262
0.019443891942501068
0.008213032968342304
0.005493876524269581
0.013790675438940525
0.013267487287521362
0.010515785776078701
0.00658301031216979
0.006654800847172737
0.011846699751913548
0.007786019239574671
0.008228595368564129
0.015755407512187958
0.0006220926879905164
0.016501201316714287
0.006320593878626823
0.00734097370877862
0.00956442579627037
0.032765038311481476
0.00958201289176941
0.005515804048627615
0.009001374244689941
0.005310068838298321
0.022064631804823875
0.021904800087213516
0.027624687179923058
0.004829671233892441
0.009854024276137352
0.01755506731569767
0.03028513304889202
0.004431221168488264
0.011628618463873863
0.0032453215681016445
0.01851353608071804
0.008647402748465538
0.0020807189866900444
0.024374647065997124
0.004553986247628927
0.012819855473935604
0.009109564125537872
0.014469288289546967
0.015693090856075287
0.012262742035090923
0.04188567399978638
0.06711913645267487
0.01770970970392227
0.023676935583353043
0.010486661456525326
0.008619295433163643
0.002173419576138258
0.04113224521279335
0.008205702528357506
0.045787908136844635
0.011624093167483807
0.009164649993181229
0.003509069560095668
0.004415004514157772
0.01101780403405428
0.0040056961588561535
0.017525281757116318
0.010964198037981987
0.003969663288444281
0.03309709206223488
0.02715531550347805
0.010640948079526424
0.01389266923069954
0.012729471549391747
0.0036272904835641384
0.016430450603365898
0.008233094587922096
0.030289994552731514
0.006447366904467344
0.006797637790441513
0.010472194291651249
0.026299485936760902
0.001228027162142098
0.008397950790822506
0.01032123900949955
0.009148219600319862
0.007110503036528826
0.043282680213451385
0.025139225646853447
0.012543685734272003
0.0073912921361625195
0.0014586645411327481
0.1005939468741417
0.005049628671258688
0.0064658112823963165
0.007356473710387945
0.008968133479356766
0.00652577867731452
0.0791386216878891
0.003976141102612019
0.02134711481630802
0.00926431454718113
0.005527290515601635
0.059997398406267166
0.003552784211933613
0.026866471394896507
0.028985802084207535
0.0019100230420008302
0.01575666479766369
0.002956721931695938
0.0039019398391246796
0.01016187947243452
0.006741060875356197
0.020730240270495415
0.0036669247783720493
0.003391820006072521
0.014939392916858196
0.002953045303002
0.010176009498536587
0.049061842262744904
0.005610315594822168
0.0301164872944355
0.02478655055165291
0.005329292733222246
0.0012117276201024652
0.01387680321931839
0.027948400005698204
0.014735091477632523
0.020431751385331154
0.019697774201631546
0.026325181126594543
0.013379850424826145
0.023333458229899406
0.0021724519319832325
0.006479281932115555
0.009063847362995148
0.008597958832979202
0.006463202647864819
0.010946765542030334
0.012046576477587223
0.0017643654718995094
0.006451490800827742
0.011307114735245705
0.022863412275910378
0.01422935351729393
0.006190179381519556
0.01249565277248621
0.008436160162091255
0.0015085154445841908
0.027513207867741585
0.006233935244381428
0.07406113296747208
0.010577093809843063
0.01695745810866356
0.020555177703499794
0.009348803199827671
0.02902447059750557
0.06717197597026825
0.0065023163333535194
0.016368480399250984
0.009379785507917404
0.0016935289604589343
0.008670929819345474
0.010618753731250763
0.002943841041997075
0.018045274540781975
0.024715330451726913
0.011041955091059208
0.0357985720038414
0.014739827252924442
0.0012978375889360905
0.008730784058570862
0.05374317616224289
0.029304832220077515
0.004187022801488638
0.02088513784110546
0.010807574726641178
0.0036859139800071716
0.04145856946706772
0.013508566655218601
0.005209773313254118
0.014767808839678764
0.024559902027249336
0.005699574947357178
0.010911175049841404
0.07149216532707214
0.0158904567360878
0.006238169502466917
0.009144109673798084
0.006696801632642746
0.02256597764790058
0.018913457170128822
0.01282440684735775
0.009541776031255722
0.008456595242023468
0.009553446434438229
0.002787760691717267
0.03630291298031807
0.031561896204948425
0.006158601958304644
0.027851605787873268
0.01657651923596859
0.005871269386261702
0.023608312010765076
0.023583009839057922
0.07530016452074051
0.03410014882683754
0.00514953164383769
0.0036899226251989603
0.008044769987463951
0.01720997877418995
0.01627473533153534
0.017621641978621483
0.004869101103395224
0.015423486940562725
0.007730653043836355
0.01138283684849739
0.019607823342084885
0.008093595504760742
0.00598412100225687
0.005490982439368963
0.011594039388000965
0.008645182475447655
0.004351846873760223
0.01348414272069931
0.013274155557155609
0.031034961342811584
0.01337035559117794
0.002112877555191517
0.013216732069849968
0.018705524504184723
0.006916301790624857
0.005784953478723764
0.08257362991571426
0.010766152292490005
0.00971963256597519
0.005348525010049343
0.029375948011875153
0.020111752673983574
0.02686999924480915
0.024706950411200523
0.015475455671548843
0.02073490247130394
0.021553341299295425
0.027544289827346802
0.013308375142514706
0.008548872545361519
0.00538689736276865
0.03710002452135086
0.010547020472586155
0.04124949127435684
0.0040039788000285625
0.029997969046235085
0.04213130846619606
0.005009273998439312
0.029381226748228073
0.013359860517084599
0.019156567752361298
0.028219399973750114
0.05539276823401451
0.006747248116880655
0.012438290752470493
0.032745830714702606
0.004471868276596069
0.028376542031764984
0.019356297329068184
0.004925028886646032
0.01214628852903843
0.008210566826164722
0.017129769548773766
0.024562420323491096
0.01982283778488636
0.0025736854877322912
0.009441858157515526
0.015654079616069794
0.014987600035965443
0.011794948019087315
0.014488592743873596
0.004484050441533327
0.005765817128121853
0.023880135267972946
0.013309608213603497
0.02630620077252388
0.03239838033914566
0.00799426157027483
0.004235400352627039
0.01244372222572565
0.0049638510681688786
0.09220043569803238
0.00796978734433651
0.015089930966496468
0.004206324461847544
0.0016358926659449935
0.005423956084996462
0.011642487719655037
0.008525857701897621
0.008016394451260567
0.006151793524622917
0.03638840839266777
0.008590211160480976
0.02123507484793663
0.005235380958765745
0.008657864294946194
0.007110873237252235
0.010421274229884148
0.01718507520854473
0.00972778256982565
0.019833901897072792
0.01448260247707367
0.008431551046669483
0.028105497360229492
0.00649788836017251
0.04274614155292511
0.023625755682587624
0.009451652877032757
0.011648975312709808
0.006145962979644537
0.018007181584835052
0.025364495813846588
0.010375963523983955
0.008939690887928009
0.019776223227381706
0.0035392192658036947
0.0072759948670864105
0.026470854878425598
0.0034560104832053185
0.0022182061802595854
0.007087084464728832
0.015143830329179764
0.00863268319517374
0.005135830957442522
0.019202563911676407
0.005979494191706181
0.019700108096003532
0.007575951050966978
0.020822817459702492
0.009388820268213749
0.005637352354824543
0.022846931591629982
0.0043428149074316025
0.005154238548129797
0.018210213631391525
0.010024306364357471
0.030576683580875397
0.010118277743458748
0.014383715577423573
0.03499460220336914
0.0064919195137917995
0.0015246897237375379
0.014079093933105469
0.008828302845358849
0.010150193236768246
0.01646304689347744
0.007210067939013243
0.0039236340671777725
0.003469600575044751
0.01406842190772295
0.008195459842681885
0.008588164113461971
0.0043626222759485245
0.02264333888888359
0.005691932514309883
0.02750636264681816
0.021992677822709084
0.01865251734852791
0.007572104688733816
0.027783740311861038
0.010584072209894657
0.023042872548103333
0.015878276899456978
0.010284529067575932
0.009576638229191303
0.007539765909314156
0.009817277081310749
0.00844560656696558
0.003963792696595192
0.011751371435821056
0.03456087037920952
0.007056337781250477
0.01901395060122013
0.03851472958922386
0.015566890127956867
0.010072022676467896
0.005369231104850769
0.05469062551856041
0.02746734768152237
0.00872900988906622
0.01927698217332363
0.006265277974307537
0.0032819220796227455
0.010754148475825787
0.00965198129415512
0.014875133521854877
0.04063311219215393
0.014045041054487228
0.006899180822074413
0.03994289040565491
0.015849577262997627
0.005356572102755308
0.03496300056576729
0.007961479015648365
0.014043211005628109
0.017191767692565918
0.009404843673110008
0.006818014197051525
0.007949771359562874
0.028393717482686043
0.04816219583153725
0.012876675464212894
0.002275364939123392
0.03050665557384491
0.01191974338144064
0.00849947240203619
0.0042426204308867455
0.025130871683359146
0.023851631209254265
0.010481413453817368
0.01996781677007675
0.034316956996917725
0.010484667494893074
0.009365145117044449
0.01855066977441311
0.0024225127417594194
0.01029449887573719
0.033424925059080124
0.0035121957771480083
0.06677589565515518
0.004974654410034418
0.010613199323415756
0.013361024670302868
0.014055134728550911
0.06315679103136063
0.009223381988704205
0.03724970668554306
0.0074974168092012405
0.028127968311309814
0.008307834155857563
0.09522970020771027
0.044842083007097244
0.010461496189236641
0.004938364960253239
0.05720923840999603
0.0034238670486956835
0.02159317396581173
0.014881017617881298
0.002314836485311389
0.018359163776040077
0.013930615037679672
0.008318574167788029
0.013651498593389988
0.019216392189264297
0.002646908164024353
0.08441980928182602
0.025538098067045212
0.015923239290714264
0.006044791080057621
0.028450535610318184
0.007005984894931316
0.030103346332907677
0.016816942021250725
0.027629990130662918
0.04660160839557648
0.010158699937164783
0.0074670943431556225
0.009608263149857521
0.006361725740134716
0.0794777125120163
0.015261881984770298
0.029298782348632812
0.00804472342133522
0.006010520271956921
0.014547796919941902
0.00412679323926568
0.01694648526608944
0.008678142912685871
0.005919601768255234
0.020991696044802666
0.012041831389069557
0.021024396643042564
0.012708980590105057
0.004246153403073549
0.007632730528712273
0.0020780968479812145
0.008555732667446136
0.01506591122597456
0.0059234583750367165
0.008518335409462452
0.00947178527712822
0.010893451049923897
0.010650410316884518
0.021066056564450264
0.013980509713292122
0.010844805277884007
0.01095682755112648
0.012527194805443287
0.08013461530208588
0.017882859334349632
0.008202753961086273
0.01734248735010624
0.03326825797557831
0.009532262571156025
0.007175309117883444
0.017028506845235825
0.02353702485561371
0.0015446917386725545
0.06465903669595718
0.05510611832141876
0.00668338593095541
0.002669682726264
0.020457305014133453
0.016516925767064095
0.00653768191114068
0.020555252209305763
0.02100902795791626
0.008524450473487377
0.022618377581238747
0.004743954632431269
0.003440150059759617
0.0019005491631105542
0.0194251611828804
0.011608808301389217
0.05706939101219177
0.09013152122497559
0.006464751902967691
0.020747888833284378
0.021619444712996483
0.05473436415195465
0.007314353249967098
0.02125822752714157
0.006594349164515734
0.007542820647358894
0.005567495711147785
0.012656747363507748
0.008502587676048279
0.01952003315091133
0.007416446227580309
0.00968000665307045
0.011185111477971077
0.009360779076814651
0.012202032841742039
0.013415530323982239
0.032363902777433395
0.00983507465571165
0.014359520748257637
0.044511426240205765
0.005832175258547068
0.0034915064461529255
0.007903506979346275
0.015384042635560036
0.008811875246465206
0.06905985623598099
0.021588202565908432
0.011800830252468586
0.009704062715172768
0.020352870225906372
0.04657124727964401
0.009589401073753834
0.007861041463911533
0.00889309961348772
0.006003968417644501
0.022287646308541298
0.06770090758800507
0.016414031386375427
0.026271700859069824
0.0073531633242964745
0.015391898341476917
0.010935693047940731
0.010699469596147537
0.002185375662520528
0.01660461165010929
0.010321692563593388
0.009563007391989231
0.014644148759543896
0.008329135365784168
0.015788672491908073
0.01651235856115818
0.005498233716934919
0.015781620517373085
0.004442679695785046
0.018524769693613052
0.10097146779298782
0.006613318808376789
0.007202631328254938
0.008540106937289238
0.01751069724559784
0.004989614710211754
0.0023139335680752993
0.020522495731711388
0.018136002123355865
0.007752429693937302
0.016292447224259377
0.02592809684574604
0.0065753222443163395
0.006131750997155905
0.007070838939398527
0.017645644024014473
0.025498900562524796
0.00420198030769825
0.010646838694810867
0.02862810716032982
0.003580442164093256
0.0051690819673240185
0.00824136845767498
0.008365772664546967
0.00989484041929245
0.03847355768084526
0.007398565765470266
0.009965620003640652
0.0028146852273494005
0.0956352949142456
0.004900201689451933
0.028895778581500053
0.017665131017565727
0.013365581631660461
0.006102254148572683
0.005100260954350233
0.007856196723878384
0.013903412036597729
0.009705313481390476
0.070017971098423
0.018079489469528198
0.005627878475934267
0.07747858762741089
0.012369463220238686
0.008809630759060383
0.002711766166612506
0.037950340658426285
0.029307760298252106
0.008472667075693607
0.006624508649110794
0.025527821853756905
0.0016194075578823686
0.00608834158629179
0.020432300865650177
0.004932711366564035
0.003759788814932108
0.016003942117094994
0.008213059976696968
0.01485724002122879
0.016401685774326324
0.014882939867675304
0.007074140943586826
0.08850263804197311
0.03425786644220352
0.006739991717040539
0.016620995476841927
0.00862787663936615
0.005689488258212805
0.03612809255719185
0.01885107345879078
0.018929705023765564
0.002672826638445258
0.01676102541387081
0.008766552433371544
0.01499117724597454
0.01539129763841629
0.022158615291118622
0.0110073396936059
0.006689035799354315
0.005536891985684633
0.009721565060317516
0.006263719871640205
0.0020625570323318243
0.020436709746718407
0.0019357602577656507
0.008338947780430317
0.009204193018376827
0.018562011420726776
0.01470000110566616
0.019628779962658882
0.034671951085329056
0.01832421123981476
0.001834699884057045
0.0623374879360199
0.006674094591289759
0.004109041299670935
0.003106792224571109
0.0025717595126479864
0.007839616388082504
0.002741454169154167
0.006776554975658655
0.01180123072117567
0.006466197781264782
0.014338426291942596
0.03252000734210014
0.009634662419557571
0.012856416404247284
0.045516569167375565
0.00794140063226223
0.005076699890196323
0.021065406501293182
0.013378516770899296
0.00939902476966381
0.03779437392950058
0.006811878643929958
0.00431714067235589
0.00829306524246931
0.025840554386377335
0.008775856345891953
0.004044710658490658
0.006566821597516537
0.024616815149784088
0.017268385738134384
0.023544462397694588
0.03649327903985977
0.011118846014142036
0.009905090555548668
0.003975572530180216
0.006234070751816034
0.016255538910627365
0.015524317510426044
0.006508828140795231
0.015639832243323326
0.0018647033721208572
0.019927792251110077
0.013987977989017963
0.018330221995711327
0.0185537226498127
0.004578736610710621
0.0511961467564106
0.00822359323501587
0.023329583927989006
0.0109074916690588
0.0068292985670268536
0.02077789418399334
0.009021719917654991
0.032256245613098145
0.02342425286769867
0.01744828000664711
0.02148120105266571
0.02779788337647915
0.0030592139810323715
0.006228321697562933
0.013356944546103477
0.013931053690612316
0.030734023079276085
0.008389345370233059
0.006829787045717239
0.008140637539327145
0.001985131064429879
0.019170820713043213
0.0233787652105093
0.005168989300727844
0.038073357194662094
0.007825731299817562
0.005331767722964287
0.012120221741497517
0.007988364435732365
0.019246410578489304
0.02275274135172367
0.0020631637889891863
0.003379805712029338
0.006885579787194729
0.008707612752914429
0.0037228811997920275
0.005034916568547487
0.009501325897872448
0.0043947515077888966
0.08517185598611832
0.09625721722841263
0.016216270625591278
0.01297419611364603
0.018031051382422447
0.005343575030565262
0.006255892105400562
0.010302022099494934
0.0081699313595891
0.007561022415757179
0.008061632513999939
0.05201176926493645
0.007401556242257357
0.002019341569393873
0.004410569556057453
0.01033538393676281
0.007469278294593096
0.014553704299032688
0.008021598681807518
0.004599262960255146
0.01348787359893322
0.0030066247563809156
0.008745888248085976
0.0036178124137222767
0.004122160840779543
0.0059272972866892815
0.004151778295636177
0.004676501266658306
0.019975678995251656
0.011010376736521721
0.013885654509067535
0.031438056379556656
0.00823658425360918
0.0031214950140565634
0.0036575833801180124
0.03820575773715973
0.0071612694300711155
0.007126878947019577
0.028673797845840454
0.014360579662024975
0.008869728073477745
0.0224535521119833
0.01016797311604023
0.006262271665036678
0.008342714980244637
0.023933881893754005
0.0059622302651405334
0.021831220015883446
0.031057648360729218
0.008679538033902645
0.03344090282917023
0.017500855028629303
0.008643466979265213
0.011422935873270035
0.0038116557989269495
0.024073509499430656
0.0018386791925877333
0.04246765375137329
0.00803172867745161
0.02605675905942917
0.022520991042256355
0.015303968451917171
0.013373727910220623
0.007775189355015755
0.0036621997132897377
0.03767659142613411
0.010298109613358974
0.012487730011343956
0.0040883589535951614
0.03214440867304802
0.019660584628582
0.003292081179097295
0.03376917913556099
0.02118379808962345
0.010483901016414165
0.0018585764337331057
0.003968023229390383
0.0038896589539945126
0.005227735266089439
0.018916694447398186
0.0071588666178286076
0.0040799998678267
0.015942085534334183
0.04292460158467293
0.002314060227945447
0.009174909442663193
0.009212433360517025
0.02273891307413578
0.005324638914316893
0.011474846862256527
0.013241798616945744
0.03377398103475571
0.017827309668064117
0.007023438345640898
0.022019892930984497
0.022504862397909164
0.002406373852863908
0.014062495902180672
0.051154725253582
0.014276832342147827
0.005293333437293768
0.01393502950668335
0.012380839325487614
0.010423830710351467
0.024878671392798424
0.004524865187704563
0.00511054927483201
0.024692516773939133
0.019812949001789093
0.0010748303029686213
0.008317284286022186
0.01904471218585968
0.017770323902368546
0.006481326650828123
0.008003482595086098
0.00758904404938221
0.007316534407436848
0.01677083596587181
0.003997358959168196
0.008620542474091053
0.04032157361507416
0.008438445627689362
0.020942332223057747
0.018147174268960953
0.002203522017225623
0.1075340062379837
0.027750642970204353
0.005238595884293318
0.008649748750030994
0.02133309654891491
0.02252141200006008
0.002452088985592127
0.00839144829660654
0.010821644216775894
0.005379107780754566
0.025249943137168884
0.021093105897307396
0.010005061514675617
0.014492236077785492
0.01404709555208683
0.015345197170972824
0.0020005181431770325
0.0051674610003829
0.010201150551438332
0.0070839812979102135
0.007135157473385334
0.023874418810009956
0.010982979089021683
0.007404962554574013
0.023018820211291313
0.02557642012834549
0.011551919393241405
0.007151173427700996
0.03134846314787865
0.009478283114731312
0.008229279890656471
0.025058334693312645
0.015148675069212914
0.017197513952851295
0.014572763815522194
0.01292334496974945
0.01607104018330574
0.05771765857934952
0.003544212318956852
0.017886878922581673
0.01617298275232315
0.005149296950548887
0.02055029757320881
0.013655267655849457
0.006298217456787825
0.017672520130872726
0.04389724135398865
0.008769321255385876
0.013889128342270851
0.0035972394980490208
0.005310922861099243
0.013250038959085941
0.010609755292534828
0.02596382051706314
0.005611831787973642
0.010666672140359879
0.0025580856017768383
0.0061674281023442745
0.00884830392897129
0.030683690682053566
0.010525812394917011
0.0035674108657985926
0.00343716936185956
0.011533306911587715
0.01197992917150259
0.007789593655616045
0.004505247808992863
0.006911567412316799
0.02247895672917366
0.009765862487256527
0.006272140424698591
0.004603574518114328
0.0257892943918705
0.005795137025415897
0.005249216686934233
0.007755032740533352
0.06975937634706497
0.014022568240761757
0.005146459210664034
0.012975197285413742
0.02153417281806469
0.003567412495613098
0.022747058421373367
0.01928878203034401
0.007894725538790226
0.00777357118204236
0.01494653057307005
0.015683894976973534
0.00587779376655817
0.0070655811578035355
0.015486598014831543
0.017213374376296997
0.007270664907991886
0.005452513694763184
0.022247428074479103
0.055836476385593414
0.01442808099091053
0.007872411049902439
0.016464097425341606
0.004301921930164099
0.03608205169439316
0.011528801172971725
0.014496472664177418
0.010215522721409798
0.016036663204431534
0.004765770398080349
0.0031828281935304403
0.029706012457609177
0.010892361402511597
0.021849127486348152
0.007738569285720587
0.010189500637352467
0.02236318588256836
0.007398954126983881
0.02838420867919922
0.01960045099258423
0.02722882106900215
0.007891622371971607
0.007440779823809862
0.0031143748201429844
0.011425725184381008
0.02115648239850998
0.023766959086060524
0.002923020161688328
0.023569496348500252
0.029511401429772377
0.006684192456305027
0.014569387771189213
0.05704968050122261
0.003247313667088747
0.027515338733792305
0.023258594796061516
0.020624902099370956
0.007394424639642239
0.003602656302973628
0.006778438575565815
0.0025900097098201513
0.02044796757400036
0.004236963577568531
0.03624875470995903
0.008051477372646332
0.012315405532717705
0.0018876169342547655
0.005227688234299421
0.011745822615921497
0.019426187500357628
0.000963169673923403
0.009588486514985561
0.020026590675115585
0.009388535283505917
0.008253402076661587
0.03233944997191429
0.016497697681188583
0.0025977976620197296
0.009141954593360424
0.008935859426856041
0.0037349979393184185
0.02718919888138771
0.0029289075173437595
0.006386381573975086
0.003972473554313183
0.018373366445302963
0.006043161265552044
0.01303132250905037
0.002717060735449195
0.013032008893787861
0.005903424695134163
0.01563790813088417
0.011289707385003567
0.004969079978764057
0.013221229426562786
0.004985376726835966
0.012799186632037163
0.01857919804751873
0.006759997457265854
0.037993285804986954
0.01894238404929638
0.031018363311886787
0.0028747098986059427
0.003526590997353196
0.012639080174267292
0.016491925343871117
0.010179084725677967
0.012111271731555462
0.00603150948882103
0.016820648685097694
0.007899025455117226
0.011005730368196964
0.017117386683821678
0.005214671138674021
0.05661030486226082
0.015258376486599445
0.029501713812351227
0.01023984607309103
0.04921248182654381
0.002566823037341237
0.007835233584046364
0.04258883371949196
0.013518025167286396
0.008535533212125301
0.006003900431096554
0.007459097076207399
0.007632557302713394
0.007581810932606459
0.020120592787861824
0.013021047227084637
0.016642004251480103
0.015751047059893608
0.008437026292085648
0.004145690705627203
0.0073599847964942455
0.016224700957536697
0.010923388414084911
0.038558173924684525
0.005020754411816597
0.02396717667579651
0.028383443132042885
0.01552592869848013
0.022987209260463715
0.0614563524723053
0.06349749118089676
0.007520358543843031
0.005788522306829691
0.006314301863312721
0.00934713426977396
0.0029875533655285835
0.009715438820421696
0.026670627295970917
0.051867250353097916
0.0076238433830440044
0.009275459684431553
0.020051253959536552
0.013355907052755356
0.0038141224067658186
0.007764895912259817
0.00945221446454525
0.010847016237676144
0.018422529101371765
0.035895973443984985
0.007771647069603205
0.010021870024502277
0.011318417266011238
0.012864576652646065
0.03778398782014847
0.008220699615776539
0.007041468750685453
0.04236273095011711
0.006175948306918144
0.01572597585618496
0.013140939176082611
0.024278823286294937
0.005484231747686863
0.0050018853507936
0.006139994598925114
0.011624784208834171
0.004501223098486662
0.02767762541770935
0.003587259678170085
0.0045612831600010395
0.006911515723913908
0.006846066098660231
0.06957533210515976
0.011800547130405903
0.02134873904287815
0.017429659143090248
0.03961418941617012
0.005392172373831272
0.0065327906049788
0.006591591518372297
0.005121942143887281
0.020717130973935127
0.005596589762717485
0.005231032148003578
0.008102868683636189
0.003971994388848543
0.01519059855490923
0.011841799132525921
